query,target
new/0000.png,old
new/0001.png,old
new/0002.png,old
new/0003.png,old
new/0004.png,old
new/0005.png,old
new/0006.png,old
new/0007.png,old
new/0008.png,old
new/0009.png,old
new/0010.png,old
new/0011.png,old
new/0012.png,old
new/0013.png,old
new/0014.png,old
new/0015.png,old
new/0016.png,old
new/0017.png,old
new/0018.png,old
new/0019.png,old
new/0022.png,old
new/0024.png,old
new/0025.png,old
new/0026.png,old
new/0028.png,old
new/0029.png,old
new/0031.png,old
new/0032.png,old
new/0033.png,old
new/0035.png,old
new/0038.png,old
new/0039.png,old
new/0040.png,old
new/0042.png,old
new/0044.png,old
new/0045.png,old
new/0047.png,old
new/0049.png,old
new/0052.png,old
new/0058.png,old
new/0059.png,old
new/0060.png,old
new/0061.png,old
new/0062.png,old
new/0064.png,old
new/0065.png,old
new/0066.png,old
new/0067.png,old
new/0068.png,old
new/0069.png,old
new/0070.png,old
new/0072.png,old
new/0073.png,old
new/0074.png,old
new/0075.png,old
new/0076.png,old
new/0080.png,old
new/0081.png,old
new/0084.png,old
new/0085.png,old
new/0086.png,old
new/0088.png,old
new/0089.png,old
new/0091.png,old
new/0093.png,old
new/0094.png,old
new/0095.png,old
new/0096.png,old
new/0098.png,old
new/0099.png,old
new/0101.png,old
new/0103.png,old
new/0105.png,old
new/0106.png,old
new/0107.png,old
new/0108.png,old
new/0110.png,old
new/0111.png,old
new/0112.png,old
new/0113.png,old
new/0114.png,old
new/0115.png,old
new/0116.png,old
new/0117.png,old
new/0118.png,old
new/0119.png,old
new/0120.png,old
new/0122.png,old
new/0123.png,old
new/0124.png,old
new/0125.png,old
new/0126.png,old
new/0127.png,old
new/0128.png,old
new/0129.png,old
new/0130.png,old
new/0131.png,old
new/0132.png,old
new/0133.png,old
new/0134.png,old
new/0135.png,old
new/0136.png,old
new/0137.png,old
new/0138.png,old
new/0139.png,old
new/0140.png,old
new/0141.png,old
new/0142.png,old
new/0143.png,old
new/0144.png,old
new/0145.png,old
new/0146.png,old
new/0147.png,old
new/0148.png,old
new/0149.png,old
new/0150.png,old
new/0151.png,old
new/0152.png,old
new/0153.png,old
new/0154.png,old
new/0155.png,old
new/0156.png,old
new/0157.png,old
new/0159.png,old
new/0160.png,old
new/0161.png,old
new/0162.png,old
new/0163.png,old
new/0164.png,old
new/0165.png,old
new/0166.png,old
new/0167.png,old
new/0168.png,old
new/0169.png,old
new/0170.png,old
new/0171.png,old
new/0174.png,old
new/0175.png,old
new/0177.png,old
new/0178.png,old
new/0179.png,old
new/0180.png,old
new/0181.png,old
new/0182.png,old
new/0183.png,old
new/0184.png,old
new/0185.png,old
new/0186.png,old
new/0187.png,old
new/0188.png,old
new/0189.png,old
new/0192.png,old
new/0193.png,old
new/0194.png,old
new/0195.png,old
new/0196.png,old
new/0199.png,old
new/0200.png,old
new/0201.png,old
new/0202.png,old
new/0203.png,old
new/0204.png,old
new/0205.png,old
new/0206.png,old
new/0207.png,old
new/0208.png,old
new/0209.png,old
new/0210.png,old
new/0211.png,old
new/0212.png,old
new/0213.png,old
new/0215.png,old
new/0216.png,old
new/0217.png,old
new/0218.png,old
new/0220.png,old
new/0221.png,old
new/0222.png,old
new/0223.png,old
new/0224.png,old
new/0225.png,old
new/0226.png,old
new/0227.png,old
new/0228.png,old
new/0230.png,old
new/0231.png,old
new/0232.png,old
new/0233.png,old
new/0234.png,old
new/0235.png,old
new/0237.png,old
new/0238.png,old
new/0239.png,old
new/0240.png,old
new/0242.png,old
new/0243.png,old
new/0244.png,old
new/0246.png,old
new/0247.png,old
new/0248.png,old
new/0249.png,old
new/0250.png,old
new/0251.png,old
new/0252.png,old
new/0253.png,old
new/0254.png,old
new/0255.png,old
new/0256.png,old
new/0257.png,old
new/0259.png,old
new/0260.png,old
new/0261.png,old
new/0262.png,old
new/0263.png,old
new/0264.png,old
new/0266.png,old
new/0267.png,old
new/0268.png,old
new/0269.png,old
new/0270.png,old
new/0271.png,old
new/0272.png,old
new/0273.png,old
new/0274.png,old
new/0275.png,old
new/0276.png,old
new/0277.png,old
new/0278.png,old
new/0279.png,old
new/0281.png,old
new/0282.png,old
new/0283.png,old
new/0284.png,old
new/0285.png,old
new/0286.png,old
new/0287.png,old
new/0288.png,old
new/0289.png,old
new/0290.png,old
new/0291.png,old
new/0292.png,old
new/0293.png,old
new/0294.png,old
new/0295.png,old
new/0296.png,old
new/0297.png,old
new/0298.png,old
new/0299.png,old
new/0300.png,old
new/0301.png,old
new/0302.png,old
new/0303.png,old
new/0304.png,old
new/0305.png,old
new/0306.png,old
new/0307.png,old
new/0308.png,old
new/0309.png,old
new/0310.png,old
new/0311.png,old
new/0312.png,old
new/0313.png,old
new/0314.png,old
new/0315.png,old
new/0316.png,old
new/0317.png,old
new/0318.png,old
new/0319.png,old
new/0320.png,old
new/0321.png,old
new/0322.png,old
new/0323.png,old
new/0324.png,old
new/0326.png,old
new/0327.png,old
new/0328.png,old
new/0330.png,old
new/0331.png,old
new/0332.png,old
new/0333.png,old
new/0335.png,old
new/0336.png,old
new/0337.png,old
new/0338.png,old
new/0339.png,old
new/0340.png,old
new/0341.png,old
new/0342.png,old
new/0343.png,old
new/0344.png,old
new/0345.png,old
new/0346.png,old
new/0347.png,old
new/0348.png,old
new/0349.png,old
new/0350.png,old
new/0351.png,old
new/0353.png,old
new/0354.png,old
new/0355.png,old
new/0356.png,old
new/0357.png,old
new/0358.png,old
new/0359.png,old
new/0360.png,old
new/0361.png,old
new/0363.png,old
new/0364.png,old
new/0365.png,old
new/0366.png,old
new/0368.png,old
new/0369.png,old
new/0370.png,old
new/0371.png,old
new/0372.png,old
new/0373.png,old
new/0374.png,old
new/0375.png,old
new/0378.png,old
new/0379.png,old
new/0380.png,old
new/0381.png,old
new/0382.png,old
new/0383.png,old
new/0384.png,old
new/0385.png,old
new/0386.png,old
new/0388.png,old
new/0389.png,old
new/0390.png,old
new/0391.png,old
new/0392.png,old
new/0393.png,old
new/0394.png,old
new/0395.png,old
new/0396.png,old
new/0400.png,old
new/0401.png,old
new/0402.png,old
new/0403.png,old
new/0404.png,old
new/0405.png,old
new/0406.png,old
new/0407.png,old
new/0408.png,old
new/0409.png,old
new/0410.png,old
new/0411.png,old
new/0412.png,old
new/0413.png,old
new/0415.png,old
new/0416.png,old
new/0417.png,old
new/0418.png,old
new/0419.png,old
new/0420.png,old
new/0421.png,old
new/0422.png,old
new/0423.png,old
new/0424.png,old
new/0425.png,old
new/0426.png,old
new/0427.png,old
new/0428.png,old
new/0429.png,old
new/0433.png,old
new/0435.png,old
new/0436.png,old
new/0437.png,old
new/0438.png,old
new/0439.png,old
new/0440.png,old
new/0441.png,old
new/0442.png,old
new/0443.png,old
new/0444.png,old
new/0445.png,old
new/0446.png,old
new/0449.png,old
new/0450.png,old
new/0451.png,old
new/0452.png,old
new/0453.png,old
new/0454.png,old
new/0455.png,old
new/0456.png,old
new/0458.png,old
new/0461.png,old
new/0462.png,old
new/0463.png,old
new/0465.png,old
new/0466.png,old
new/0467.png,old
new/0468.png,old
new/0469.png,old
new/0470.png,old
new/0471.png,old
new/0472.png,old
new/0473.png,old
new/0476.png,old
new/0477.png,old
new/0478.png,old
new/0479.png,old
new/0480.png,old
new/0481.png,old
new/0482.png,old
new/0483.png,old
new/0484.png,old
new/0485.png,old
new/0486.png,old
new/0487.png,old
new/0488.png,old
new/0490.png,old
new/0491.png,old
new/0492.png,old
new/0493.png,old
new/0494.png,old
new/0495.png,old
new/0496.png,old
new/0498.png,old
new/0499.png,old
new/0500.png,old
new/0501.png,old
new/0502.png,old
new/0503.png,old
new/0504.png,old
new/0506.png,old
new/0507.png,old
new/0508.png,old
new/0509.png,old
new/0510.png,old
new/0511.png,old
new/0512.png,old
new/0513.png,old
new/0514.png,old
new/0515.png,old
new/0516.png,old
new/0517.png,old
new/0518.png,old
new/0519.png,old
new/0520.png,old
new/0521.png,old
new/0522.png,old
new/0523.png,old
new/0524.png,old
new/0525.png,old
new/0526.png,old
new/0527.png,old
new/0528.png,old
new/0530.png,old
new/0531.png,old
new/0532.png,old
new/0533.png,old
new/0534.png,old
new/0535.png,old
new/0536.png,old
new/0537.png,old
new/0538.png,old
new/0540.png,old
new/0541.png,old
new/0542.png,old
new/0543.png,old
new/0544.png,old
new/0545.png,old
new/0546.png,old
new/0548.png,old
new/0550.png,old
new/0551.png,old
new/0553.png,old
new/0554.png,old
new/0555.png,old
new/0556.png,old
new/0557.png,old
new/0558.png,old
new/0559.png,old
new/0560.png,old
new/0562.png,old
new/0563.png,old
new/0565.png,old
new/0566.png,old
new/0567.png,old
new/0568.png,old
new/0569.png,old
new/0570.png,old
new/0571.png,old
new/0572.png,old
new/0573.png,old
new/0574.png,old
new/0575.png,old
new/0576.png,old
new/0577.png,old
new/0578.png,old
new/0579.png,old
new/0580.png,old
new/0581.png,old
new/0582.png,old
new/0583.png,old
new/0584.png,old
new/0585.png,old
new/0588.png,old
new/0589.png,old
new/0590.png,old
new/0591.png,old
new/0592.png,old
new/0593.png,old
new/0594.png,old
new/0595.png,old
new/0596.png,old
new/0597.png,old
new/0598.png,old
new/0599.png,old
new/0600.png,old
new/0601.png,old
new/0602.png,old
new/0603.png,old
new/0604.png,old
new/0605.png,old
new/0606.png,old
new/0609.png,old
new/0610.png,old
new/0611.png,old
new/0612.png,old
new/0613.png,old
new/0614.png,old
new/0615.png,old
new/0616.png,old
new/0617.png,old
new/0618.png,old
new/0619.png,old
new/0620.png,old
new/0621.png,old
new/0622.png,old
new/0623.png,old
new/0624.png,old
new/0625.png,old
new/0626.png,old
new/0627.png,old
new/0628.png,old
new/0629.png,old
new/0630.png,old
new/0632.png,old
new/0633.png,old
new/0634.png,old
new/0635.png,old
new/0636.png,old
new/0637.png,old
new/0638.png,old
new/0639.png,old
new/0640.png,old
new/0641.png,old
new/0642.png,old
new/0643.png,old
new/0644.png,old
new/0645.png,old
new/0646.png,old
new/0647.png,old
new/0648.png,old
new/0649.png,old
new/0650.png,old
new/0651.png,old
new/0652.png,old
new/0653.png,old
new/0654.png,old
new/0655.png,old
new/0656.png,old
new/0657.png,old
new/0658.png,old
new/0659.png,old
new/0660.png,old
new/0661.png,old
new/0662.png,old
new/0663.png,old
new/0664.png,old
new/0665.png,old
new/0666.png,old
new/0667.png,old
new/0668.png,old
new/0669.png,old
new/0670.png,old
new/0671.png,old
new/0672.png,old
new/0673.png,old
new/0674.png,old
new/0675.png,old
new/0676.png,old
new/0677.png,old
new/0678.png,old
new/0679.png,old
new/0680.png,old
new/0681.png,old
new/0682.png,old
new/0683.png,old
new/0684.png,old
new/0685.png,old
new/0686.png,old
new/0687.png,old
new/0688.png,old
new/0689.png,old
new/0690.png,old
new/0691.png,old
new/0692.png,old
new/0693.png,old
new/0695.png,old
new/0696.png,old
new/0697.png,old
new/0698.png,old
new/0699.png,old
new/0701.png,old
new/0702.png,old
new/0703.png,old
new/0704.png,old
new/0705.png,old
new/0706.png,old
new/0707.png,old
new/0708.png,old
new/0709.png,old
new/0710.png,old
new/0711.png,old
new/0712.png,old
new/0713.png,old
new/0714.png,old
new/0715.png,old
new/0716.png,old
new/0717.png,old
new/0718.png,old
new/0720.png,old
new/0721.png,old
new/0722.png,old
new/0724.png,old
new/0725.png,old
new/0726.png,old
new/0727.png,old
new/0728.png,old
new/0729.png,old
new/0730.png,old
new/0731.png,old
new/0732.png,old
new/0733.png,old
new/0734.png,old
new/0735.png,old
new/0736.png,old
new/0737.png,old
new/0738.png,old
new/0739.png,old
new/0740.png,old
new/0742.png,old
new/0743.png,old
new/0744.png,old
new/0745.png,old
new/0746.png,old
new/0747.png,old
new/0748.png,old
new/0749.png,old
new/0750.png,old
new/0751.png,old
new/0753.png,old
new/0757.png,old
new/0758.png,old
new/0759.png,old
new/0760.png,old
new/0761.png,old
new/0762.png,old
new/0763.png,old
new/0764.png,old
new/0765.png,old
new/0766.png,old
new/0767.png,old
new/0768.png,old
new/0769.png,old
new/0770.png,old
new/0771.png,old
new/0772.png,old
new/0773.png,old
new/0774.png,old
new/0775.png,old
new/0776.png,old
new/0777.png,old
new/0778.png,old
new/0780.png,old
new/0781.png,old
new/0783.png,old
new/0784.png,old
new/0785.png,old
new/0786.png,old
new/0788.png,old
new/0789.png,old
new/0791.png,old
new/0792.png,old
new/0793.png,old
new/0794.png,old
new/0795.png,old
new/0796.png,old
new/0797.png,old
new/0798.png,old
new/0799.png,old
new/0800.png,old
new/0801.png,old
new/0802.png,old
new/0803.png,old
new/0804.png,old
new/0806.png,old
new/0807.png,old
new/0808.png,old
new/0811.png,old
new/0812.png,old
new/0813.png,old
new/0814.png,old
new/0815.png,old
new/0816.png,old
new/0817.png,old
new/0818.png,old
new/0819.png,old
new/0821.png,old
new/0822.png,old
new/0823.png,old
new/0824.png,old
new/0825.png,old
new/0826.png,old
new/0827.png,old
new/0828.png,old
new/0829.png,old
new/0830.png,old
new/0831.png,old
new/0832.png,old
new/0833.png,old
new/0834.png,old
new/0835.png,old
new/0838.png,old
new/0839.png,old
new/0840.png,old
new/0841.png,old
new/0842.png,old
new/0843.png,old
new/0844.png,old
new/0845.png,old
new/0846.png,old
new/0847.png,old
new/0848.png,old
new/0849.png,old
new/0850.png,old
new/0851.png,old
new/0852.png,old
new/0853.png,old
new/0854.png,old
new/0855.png,old
new/0856.png,old
new/0857.png,old
new/0858.png,old
new/0859.png,old
new/0860.png,old
new/0861.png,old
new/0862.png,old
new/0863.png,old
new/0864.png,old
new/0865.png,old
new/0866.png,old
new/0867.png,old
new/0868.png,old
new/0869.png,old
new/0870.png,old
new/0871.png,old
new/0872.png,old
new/0873.png,old
new/0874.png,old
new/0875.png,old
new/0876.png,old
new/0877.png,old
new/0879.png,old
new/0880.png,old
new/0883.png,old
new/0884.png,old
new/0885.png,old
new/0886.png,old
new/0887.png,old
new/0888.png,old
new/0889.png,old
new/0890.png,old
new/0891.png,old
new/0892.png,old
new/0893.png,old
new/0894.png,old
new/0895.png,old
new/0896.png,old
new/0897.png,old
new/0898.png,old
new/0899.png,old
new/0900.png,old
new/0901.png,old
new/0902.png,old
new/0903.png,old
new/0904.png,old
new/0905.png,old
new/0907.png,old
new/0908.png,old
new/0909.png,old
new/0910.png,old
new/0911.png,old
new/0912.png,old
new/0913.png,old
new/0914.png,old
new/0915.png,old
new/0917.png,old
new/0918.png,old
new/0919.png,old
new/0920.png,old
new/0922.png,old
new/0923.png,old
new/0924.png,old
new/0925.png,old
new/0927.png,old
new/0928.png,old
new/0929.png,old
new/0930.png,old
new/0931.png,old
new/0932.png,old
new/0933.png,old
new/0934.png,old
new/0935.png,old
new/0936.png,old
new/0937.png,old
new/0938.png,old
new/0939.png,old
new/0940.png,old
new/0941.png,old
new/0942.png,old
new/0944.png,old
new/0945.png,old
new/0946.png,old
new/0947.png,old
new/0949.png,old
new/0950.png,old
new/0951.png,old
new/0952.png,old
new/0953.png,old
new/0954.png,old
new/0955.png,old
new/0956.png,old
new/0957.png,old
new/0958.png,old
new/0959.png,old
new/0960.png,old
new/0961.png,old
new/0962.png,old
new/0963.png,old
new/0964.png,old
new/0965.png,old
new/0966.png,old
new/0967.png,old
new/0968.png,old
new/0969.png,old
new/0970.png,old
new/0971.png,old
new/0972.png,old
new/0973.png,old
new/0975.png,old
new/0976.png,old
new/0977.png,old
new/0978.png,old
new/0979.png,old
new/0981.png,old
new/0982.png,old
new/0983.png,old
new/0984.png,old
new/0985.png,old
new/0986.png,old
new/0987.png,old
new/0988.png,old
new/0989.png,old
new/0990.png,old
new/0991.png,old
new/0992.png,old
new/0993.png,old
new/0994.png,old
new/0995.png,old
new/0996.png,old
new/0997.png,old
new/0998.png,old
new/0999.png,old
new/1000.png,old
new/1001.png,old
new/1003.png,old
new/1004.png,old
new/1005.png,old
new/1006.png,old
new/1007.png,old
new/1008.png,old
new/1009.png,old
new/1010.png,old
new/1011.png,old
new/1012.png,old
new/1013.png,old
new/1014.png,old
new/1015.png,old
new/1016.png,old
new/1017.png,old
new/1018.png,old
new/1019.png,old
new/1020.png,old
new/1021.png,old
new/1022.png,old
new/1023.png,old
new/1024.png,old
new/1025.png,old
new/1026.png,old
new/1027.png,old
new/1028.png,old
new/1029.png,old
new/1030.png,old
new/1031.png,old
new/1032.png,old
new/1033.png,old
new/1034.png,old
new/1035.png,old
new/1036.png,old
new/1037.png,old
new/1038.png,old
new/1039.png,old
new/1040.png,old
new/1041.png,old
new/1042.png,old
new/1044.png,old
new/1045.png,old
new/1046.png,old
new/1047.png,old
new/1048.png,old
new/1049.png,old
new/1050.png,old
new/1051.png,old
new/1052.png,old
new/1053.png,old
new/1054.png,old
new/1055.png,old
new/1056.png,old
new/1057.png,old
new/1058.png,old
new/1059.png,old
new/1060.png,old
new/1061.png,old
new/1062.png,old
new/1064.png,old
new/1065.png,old
new/1066.png,old
new/1067.png,old
new/1068.png,old
new/1069.png,old
new/1070.png,old
new/1071.png,old
new/1072.png,old
new/1073.png,old
new/1074.png,old
new/1075.png,old
new/1076.png,old
new/1077.png,old
new/1078.png,old
new/1079.png,old
new/1080.png,old
new/1081.png,old
new/1082.png,old
new/1083.png,old
new/1084.png,old
new/1085.png,old
new/1086.png,old
new/1087.png,old
new/1088.png,old
new/1089.png,old
new/1090.png,old
new/1091.png,old
new/1092.png,old
new/1093.png,old
new/1094.png,old
new/1095.png,old
new/1096.png,old
new/1097.png,old
new/1098.png,old
new/1099.png,old
new/1100.png,old
new/1101.png,old
new/1102.png,old
new/1103.png,old
new/1104.png,old
new/1105.png,old
new/1106.png,old
new/1107.png,old
new/1108.png,old
new/1109.png,old
new/1110.png,old
new/1111.png,old
new/1112.png,old
new/1113.png,old
new/1114.png,old
new/1115.png,old
new/1116.png,old
new/1117.png,old
new/1118.png,old
new/1119.png,old
new/1120.png,old
new/1121.png,old
new/1122.png,old
new/1123.png,old
new/1124.png,old
new/1125.png,old
new/1126.png,old
new/1127.png,old
new/1128.png,old
new/1129.png,old
new/1130.png,old
new/1131.png,old
new/1132.png,old
new/1133.png,old
new/1134.png,old
new/1135.png,old
new/1136.png,old
new/1137.png,old
new/1138.png,old
new/1139.png,old
new/1140.png,old
new/1141.png,old
new/1142.png,old
new/1143.png,old
new/1144.png,old
new/1145.png,old
new/1146.png,old
new/1147.png,old
new/1148.png,old
new/1150.png,old
new/1151.png,old
new/1152.png,old
new/1153.png,old
new/1154.png,old
new/1155.png,old
new/1156.png,old
new/1157.png,old
new/1158.png,old
new/1159.png,old
new/1160.png,old
new/1161.png,old
new/1162.png,old
new/1163.png,old
new/1164.png,old
new/1165.png,old
new/1166.png,old
new/1168.png,old
new/1169.png,old
new/1170.png,old
new/1171.png,old
new/1172.png,old
new/1173.png,old
new/1174.png,old
new/1175.png,old
new/1176.png,old
new/1177.png,old
new/1178.png,old
new/1179.png,old
new/1180.png,old
new/1181.png,old
new/1182.png,old
new/1183.png,old
new/1184.png,old
new/1185.png,old
new/1186.png,old
new/1187.png,old
new/1188.png,old
new/1189.png,old
new/1190.png,old
new/1191.png,old
new/1192.png,old
new/1193.png,old
new/1195.png,old
new/1197.png,old
new/1198.png,old
new/1199.png,old
new/1200.png,old
new/1201.png,old
new/1202.png,old
new/1203.png,old
new/1204.png,old
new/1206.png,old
new/1207.png,old
new/1208.png,old
new/1209.png,old
new/1210.png,old
new/1211.png,old
new/1212.png,old
new/1213.png,old
new/1214.png,old
new/1215.png,old
new/1217.png,old
new/1218.png,old
new/1219.png,old
new/1220.png,old
new/1221.png,old
new/1222.png,old
new/1223.png,old
new/1224.png,old
new/1225.png,old
new/1226.png,old
new/1227.png,old
new/1229.png,old
new/1230.png,old
new/1231.png,old
new/1232.png,old
new/1233.png,old
new/1234.png,old
new/1235.png,old
new/1236.png,old
new/1237.png,old
new/1238.png,old
new/1239.png,old
new/1240.png,old
new/1241.png,old
new/1242.png,old
new/1243.png,old
new/1244.png,old
new/1245.png,old
new/1246.png,old
new/1247.png,old
new/1248.png,old
new/1249.png,old
new/1250.png,old
new/1251.png,old
new/1253.png,old
new/1254.png,old
new/1255.png,old
new/1256.png,old
new/1257.png,old
new/1258.png,old
new/1260.png,old
new/1261.png,old
new/1262.png,old
new/1263.png,old
new/1264.png,old
new/1266.png,old
new/1267.png,old
new/1268.png,old
new/1269.png,old
new/1270.png,old
new/1271.png,old
new/1272.png,old
new/1273.png,old
new/1274.png,old
new/1275.png,old
new/1276.png,old
new/1277.png,old
new/1278.png,old
new/1279.png,old
new/1280.png,old
new/1281.png,old
new/1282.png,old
new/1283.png,old
new/1284.png,old
new/1285.png,old
new/1286.png,old
new/1287.png,old
new/1288.png,old
new/1289.png,old
new/1290.png,old
new/1292.png,old
new/1293.png,old
new/1294.png,old
new/1295.png,old
new/1296.png,old
new/1297.png,old
new/1298.png,old
new/1299.png,old
new/1300.png,old
new/1301.png,old
new/1303.png,old
new/1304.png,old
new/1305.png,old
new/1306.png,old
new/1307.png,old
new/1308.png,old
new/1309.png,old
new/1310.png,old
new/1311.png,old
new/1312.png,old
new/1313.png,old
new/1314.png,old
new/1315.png,old
new/1316.png,old
new/1317.png,old
new/1318.png,old
new/1319.png,old
new/1320.png,old
new/1321.png,old
new/1322.png,old
new/1323.png,old
new/1324.png,old
new/1325.png,old
new/1326.png,old
new/1327.png,old
new/1328.png,old
new/1329.png,old
new/1330.png,old
new/1331.png,old
new/1332.png,old
new/1333.png,old
new/1334.png,old
new/1335.png,old
new/1336.png,old
new/1337.png,old
new/1338.png,old
new/1339.png,old
new/1340.png,old
new/1341.png,old
new/1342.png,old
new/1343.png,old
new/1344.png,old
new/1345.png,old
new/1346.png,old
new/1347.png,old
new/1348.png,old
new/1349.png,old
new/1350.png,old
new/1351.png,old
new/1352.png,old
new/1353.png,old
new/1354.png,old
new/1355.png,old
new/1356.png,old
new/1357.png,old
new/1358.png,old
new/1359.png,old
new/1360.png,old
new/1361.png,old
new/1362.png,old
new/1363.png,old
new/1364.png,old
new/1365.png,old
new/1366.png,old
new/1367.png,old
old/0000.jpg,new
old/0001.jpg,new
old/0002.jpg,new
old/0003.jpg,new
old/0004.jpg,new
old/0005.jpg,new
old/0006.jpg,new
old/0007.jpg,new
old/0008.jpg,new
old/0009.jpg,new
old/0010.jpg,new
old/0011.jpg,new
old/0012.jpg,new
old/0013.jpg,new
old/0014.jpg,new
old/0015.jpg,new
old/0016.jpg,new
old/0017.jpg,new
old/0018.jpg,new
old/0019.jpg,new
old/0022.jpg,new
old/0024.jpg,new
old/0025.jpg,new
old/0026.jpg,new
old/0028.jpg,new
old/0029.jpg,new
old/0031.jpg,new
old/0032.jpg,new
old/0033.jpg,new
old/0035.jpg,new
old/0038.jpg,new
old/0039.jpg,new
old/0040.jpg,new
old/0042.jpg,new
old/0044.jpg,new
old/0045.jpg,new
old/0047.jpg,new
old/0049.jpg,new
old/0052.jpg,new
old/0058.jpg,new
old/0059.jpg,new
old/0060.jpg,new
old/0061.jpg,new
old/0062.jpg,new
old/0064.jpg,new
old/0065.jpg,new
old/0066.jpg,new
old/0067.jpg,new
old/0068.jpg,new
old/0069.jpg,new
old/0070.jpg,new
old/0072.jpg,new
old/0073.jpg,new
old/0074.jpg,new
old/0075.jpg,new
old/0076.jpg,new
old/0080.jpg,new
old/0081.jpg,new
old/0084.jpg,new
old/0085.jpg,new
old/0086.jpg,new
old/0088.jpg,new
old/0089.jpg,new
old/0091.jpg,new
old/0093.jpg,new
old/0094.jpg,new
old/0095.jpg,new
old/0096.jpg,new
old/0098.jpg,new
old/0099.jpg,new
old/0101.jpg,new
old/0103.jpg,new
old/0105.jpg,new
old/0106.jpg,new
old/0107.jpg,new
old/0108.jpg,new
old/0110.jpg,new
old/0111.jpg,new
old/0112.jpg,new
old/0113.jpg,new
old/0114.jpg,new
old/0115.jpg,new
old/0116.jpg,new
old/0117.jpg,new
old/0118.jpg,new
old/0119.jpg,new
old/0120.jpg,new
old/0122.jpg,new
old/0123.jpg,new
old/0124.jpg,new
old/0125.jpg,new
old/0126.jpg,new
old/0127.jpg,new
old/0128.jpg,new
old/0129.jpg,new
old/0130.jpg,new
old/0131.jpg,new
old/0132.jpg,new
old/0133.jpg,new
old/0134.jpg,new
old/0135.jpg,new
old/0136.jpg,new
old/0137.jpg,new
old/0138.jpg,new
old/0139.jpg,new
old/0140.jpg,new
old/0141.jpg,new
old/0142.jpg,new
old/0143.jpg,new
old/0144.jpg,new
old/0145.jpg,new
old/0146.jpg,new
old/0147.jpg,new
old/0148.jpg,new
old/0149.jpg,new
old/0150.jpg,new
old/0151.jpg,new
old/0152.jpg,new
old/0153.jpg,new
old/0154.jpg,new
old/0155.jpg,new
old/0156.jpg,new
old/0157.jpg,new
old/0159.jpg,new
old/0160.jpg,new
old/0161.jpg,new
old/0162.jpg,new
old/0163.jpg,new
old/0164.jpg,new
old/0165.jpg,new
old/0166.jpg,new
old/0167.jpg,new
old/0168.jpg,new
old/0169.jpg,new
old/0170.jpg,new
old/0171.jpg,new
old/0174.jpg,new
old/0175.jpg,new
old/0177.jpg,new
old/0178.jpg,new
old/0179.jpg,new
old/0180.jpg,new
old/0181.jpg,new
old/0182.jpg,new
old/0183.jpg,new
old/0184.jpg,new
old/0185.jpg,new
old/0186.jpg,new
old/0187.jpg,new
old/0188.jpg,new
old/0189.jpg,new
old/0192.jpg,new
old/0193.jpg,new
old/0194.jpg,new
old/0195.jpg,new
old/0196.jpg,new
old/0199.jpg,new
old/0200.jpg,new
old/0201.jpg,new
old/0202.jpg,new
old/0203.jpg,new
old/0204.jpg,new
old/0205.jpg,new
old/0206.jpg,new
old/0207.jpg,new
old/0208.jpg,new
old/0209.jpg,new
old/0210.jpg,new
old/0211.jpg,new
old/0212.jpg,new
old/0213.jpg,new
old/0215.jpg,new
old/0216.jpg,new
old/0217.jpg,new
old/0218.jpg,new
old/0220.jpg,new
old/0221.jpg,new
old/0222.jpg,new
old/0223.jpg,new
old/0224.jpg,new
old/0225.jpg,new
old/0226.jpg,new
old/0227.jpg,new
old/0228.jpg,new
old/0230.jpg,new
old/0231.jpg,new
old/0232.jpg,new
old/0233.jpg,new
old/0234.jpg,new
old/0235.jpg,new
old/0237.jpg,new
old/0238.jpg,new
old/0239.jpg,new
old/0240.jpg,new
old/0242.jpg,new
old/0243.jpg,new
old/0244.jpg,new
old/0246.jpg,new
old/0247.jpg,new
old/0248.jpg,new
old/0249.jpg,new
old/0250.jpg,new
old/0251.jpg,new
old/0252.jpg,new
old/0253.jpg,new
old/0254.jpg,new
old/0255.jpg,new
old/0256.jpg,new
old/0257.jpg,new
old/0259.jpg,new
old/0260.jpg,new
old/0261.jpg,new
old/0262.jpg,new
old/0263.jpg,new
old/0264.jpg,new
old/0266.jpg,new
old/0267.jpg,new
old/0268.jpg,new
old/0269.jpg,new
old/0270.jpg,new
old/0271.jpg,new
old/0272.jpg,new
old/0273.jpg,new
old/0274.jpg,new
old/0275.jpg,new
old/0276.jpg,new
old/0277.jpg,new
old/0278.jpg,new
old/0279.jpg,new
old/0281.jpg,new
old/0282.jpg,new
old/0283.jpg,new
old/0284.jpg,new
old/0285.jpg,new
old/0286.jpg,new
old/0287.jpg,new
old/0288.jpg,new
old/0289.jpg,new
old/0290.jpg,new
old/0291.jpg,new
old/0292.jpg,new
old/0293.jpg,new
old/0294.jpg,new
old/0295.jpg,new
old/0296.jpg,new
old/0297.jpg,new
old/0298.jpg,new
old/0299.jpg,new
old/0300.jpg,new
old/0301.jpg,new
old/0302.jpg,new
old/0303.jpg,new
old/0304.jpg,new
old/0305.jpg,new
old/0306.jpg,new
old/0307.jpg,new
old/0308.jpg,new
old/0309.jpg,new
old/0310.jpg,new
old/0311.jpg,new
old/0312.jpg,new
old/0313.jpg,new
old/0314.jpg,new
old/0315.jpg,new
old/0316.jpg,new
old/0317.jpg,new
old/0318.jpg,new
old/0319.jpg,new
old/0320.jpg,new
old/0321.jpg,new
old/0322.jpg,new
old/0323.jpg,new
old/0324.jpg,new
old/0326.jpg,new
old/0327.jpg,new
old/0328.jpg,new
old/0330.jpg,new
old/0331.jpg,new
old/0332.jpg,new
old/0333.jpg,new
old/0335.jpg,new
old/0336.jpg,new
old/0337.jpg,new
old/0338.jpg,new
old/0339.jpg,new
old/0340.jpg,new
old/0341.jpg,new
old/0342.jpg,new
old/0343.jpg,new
old/0344.jpg,new
old/0345.jpg,new
old/0346.jpg,new
old/0347.jpg,new
old/0348.jpg,new
old/0349.jpg,new
old/0350.jpg,new
old/0351.jpg,new
old/0353.jpg,new
old/0354.jpg,new
old/0355.jpg,new
old/0356.jpg,new
old/0357.jpg,new
old/0358.jpg,new
old/0359.jpg,new
old/0360.jpg,new
old/0361.jpg,new
old/0363.jpg,new
old/0364.jpg,new
old/0365.jpg,new
old/0366.jpg,new
old/0368.jpg,new
old/0369.jpg,new
old/0370.jpg,new
old/0371.jpg,new
old/0372.jpg,new
old/0373.jpg,new
old/0374.jpg,new
old/0375.jpg,new
old/0378.jpg,new
old/0379.jpg,new
old/0380.jpg,new
old/0381.jpg,new
old/0382.jpg,new
old/0383.jpg,new
old/0384.jpg,new
old/0385.jpg,new
old/0386.jpg,new
old/0388.jpg,new
old/0389.jpg,new
old/0390.jpg,new
old/0391.jpg,new
old/0392.jpg,new
old/0393.jpg,new
old/0394.jpg,new
old/0395.jpg,new
old/0396.jpg,new
old/0400.jpg,new
old/0401.jpg,new
old/0402.jpg,new
old/0403.jpg,new
old/0404.jpg,new
old/0405.jpg,new
old/0406.jpg,new
old/0407.jpg,new
old/0408.jpg,new
old/0409.jpg,new
old/0410.jpg,new
old/0411.jpg,new
old/0412.jpg,new
old/0413.jpg,new
old/0415.jpg,new
old/0416.jpg,new
old/0417.jpg,new
old/0418.jpg,new
old/0419.jpg,new
old/0420.jpg,new
old/0421.jpg,new
old/0422.jpg,new
old/0423.jpg,new
old/0424.jpg,new
old/0425.jpg,new
old/0426.jpg,new
old/0427.jpg,new
old/0428.jpg,new
old/0429.jpg,new
old/0433.jpg,new
old/0435.jpg,new
old/0436.jpg,new
old/0437.jpg,new
old/0438.jpg,new
old/0439.jpg,new
old/0440.jpg,new
old/0441.jpg,new
old/0442.jpg,new
old/0443.jpg,new
old/0444.jpg,new
old/0445.jpg,new
old/0446.jpg,new
old/0449.jpg,new
old/0450.jpg,new
old/0451.jpg,new
old/0452.jpg,new
old/0453.jpg,new
old/0454.jpg,new
old/0455.jpg,new
old/0456.jpg,new
old/0458.jpg,new
old/0461.jpg,new
old/0462.jpg,new
old/0463.jpg,new
old/0465.jpg,new
old/0466.jpg,new
old/0467.jpg,new
old/0468.jpg,new
old/0469.jpg,new
old/0470.jpg,new
old/0471.jpg,new
old/0472.jpg,new
old/0473.jpg,new
old/0476.jpg,new
old/0477.jpg,new
old/0478.jpg,new
old/0479.jpg,new
old/0480.jpg,new
old/0481.jpg,new
old/0482.jpg,new
old/0483.jpg,new
old/0484.jpg,new
old/0485.jpg,new
old/0486.jpg,new
old/0487.jpg,new
old/0488.jpg,new
old/0490.jpg,new
old/0491.jpg,new
old/0492.jpg,new
old/0493.jpg,new
old/0494.jpg,new
old/0495.jpg,new
old/0496.jpg,new
old/0498.jpg,new
old/0499.jpg,new
old/0500.jpg,new
old/0501.jpg,new
old/0502.jpg,new
old/0503.jpg,new
old/0504.jpg,new
old/0506.jpg,new
old/0507.jpg,new
old/0508.jpg,new
old/0509.jpg,new
old/0510.jpg,new
old/0511.jpg,new
old/0512.jpg,new
old/0513.jpg,new
old/0514.jpg,new
old/0515.jpg,new
old/0516.jpg,new
old/0517.jpg,new
old/0518.jpg,new
old/0519.jpg,new
old/0520.jpg,new
old/0521.jpg,new
old/0522.jpg,new
old/0523.jpg,new
old/0524.jpg,new
old/0525.jpg,new
old/0526.jpg,new
old/0527.jpg,new
old/0528.jpg,new
old/0530.jpg,new
old/0531.jpg,new
old/0532.jpg,new
old/0533.jpg,new
old/0534.jpg,new
old/0535.jpg,new
old/0536.jpg,new
old/0537.jpg,new
old/0538.jpg,new
old/0540.jpg,new
old/0541.jpg,new
old/0542.jpg,new
old/0543.jpg,new
old/0544.jpg,new
old/0545.jpg,new
old/0546.jpg,new
old/0548.jpg,new
old/0550.jpg,new
old/0551.jpg,new
old/0553.jpg,new
old/0554.jpg,new
old/0555.jpg,new
old/0556.jpg,new
old/0557.jpg,new
old/0558.jpg,new
old/0559.jpg,new
old/0560.jpg,new
old/0562.jpg,new
old/0563.jpg,new
old/0565.jpg,new
old/0566.jpg,new
old/0567.jpg,new
old/0568.jpg,new
old/0569.jpg,new
old/0570.jpg,new
old/0571.jpg,new
old/0572.jpg,new
old/0573.jpg,new
old/0574.jpg,new
old/0575.jpg,new
old/0576.jpg,new
old/0577.jpg,new
old/0578.jpg,new
old/0579.jpg,new
old/0580.jpg,new
old/0581.jpg,new
old/0582.jpg,new
old/0583.jpg,new
old/0584.jpg,new
old/0585.jpg,new
old/0588.jpg,new
old/0589.jpg,new
old/0590.jpg,new
old/0591.jpg,new
old/0592.jpg,new
old/0593.jpg,new
old/0594.jpg,new
old/0595.jpg,new
old/0596.jpg,new
old/0597.jpg,new
old/0598.jpg,new
old/0599.jpg,new
old/0600.jpg,new
old/0601.jpg,new
old/0602.jpg,new
old/0603.jpg,new
old/0604.jpg,new
old/0605.jpg,new
old/0606.jpg,new
old/0609.jpg,new
old/0610.jpg,new
old/0611.jpg,new
old/0612.jpg,new
old/0613.jpg,new
old/0614.jpg,new
old/0615.jpg,new
old/0616.jpg,new
old/0617.jpg,new
old/0618.jpg,new
old/0619.jpg,new
old/0620.jpg,new
old/0621.jpg,new
old/0622.jpg,new
old/0623.jpg,new
old/0624.jpg,new
old/0625.jpg,new
old/0626.jpg,new
old/0627.jpg,new
old/0628.jpg,new
old/0629.jpg,new
old/0630.jpg,new
old/0632.jpg,new
old/0633.jpg,new
old/0634.jpg,new
old/0635.jpg,new
old/0636.jpg,new
old/0637.jpg,new
old/0638.jpg,new
old/0639.jpg,new
old/0640.jpg,new
old/0641.jpg,new
old/0642.jpg,new
old/0643.jpg,new
old/0644.jpg,new
old/0645.jpg,new
old/0646.jpg,new
old/0647.jpg,new
old/0648.jpg,new
old/0649.jpg,new
old/0650.jpg,new
old/0651.jpg,new
old/0652.jpg,new
old/0653.jpg,new
old/0654.jpg,new
old/0655.jpg,new
old/0656.jpg,new
old/0657.jpg,new
old/0658.jpg,new
old/0659.jpg,new
old/0660.jpg,new
old/0661.jpg,new
old/0662.jpg,new
old/0663.jpg,new
old/0664.jpg,new
old/0665.jpg,new
old/0666.jpg,new
old/0667.jpg,new
old/0668.jpg,new
old/0669.jpg,new
old/0670.jpg,new
old/0671.jpg,new
old/0672.jpg,new
old/0673.jpg,new
old/0674.jpg,new
old/0675.jpg,new
old/0676.jpg,new
old/0677.jpg,new
old/0678.jpg,new
old/0679.jpg,new
old/0680.jpg,new
old/0681.jpg,new
old/0682.jpg,new
old/0683.jpg,new
old/0684.jpg,new
old/0685.jpg,new
old/0686.jpg,new
old/0687.jpg,new
old/0688.jpg,new
old/0689.jpg,new
old/0690.jpg,new
old/0691.jpg,new
old/0692.jpg,new
old/0693.jpg,new
old/0695.jpg,new
old/0696.jpg,new
old/0697.jpg,new
old/0698.jpg,new
old/0699.jpg,new
old/0701.jpg,new
old/0702.jpg,new
old/0703.jpg,new
old/0704.jpg,new
old/0705.jpg,new
old/0706.jpg,new
old/0707.jpg,new
old/0708.jpg,new
old/0709.jpg,new
old/0710.jpg,new
old/0711.jpg,new
old/0712.jpg,new
old/0713.jpg,new
old/0714.jpg,new
old/0715.jpg,new
old/0716.jpg,new
old/0717.jpg,new
old/0718.jpg,new
old/0720.jpg,new
old/0721.jpg,new
old/0722.jpg,new
old/0724.jpg,new
old/0725.jpg,new
old/0726.jpg,new
old/0727.jpg,new
old/0728.jpg,new
old/0729.jpg,new
old/0730.jpg,new
old/0731.jpg,new
old/0732.jpg,new
old/0733.jpg,new
old/0734.jpg,new
old/0735.jpg,new
old/0736.jpg,new
old/0737.jpg,new
old/0738.jpg,new
old/0739.jpg,new
old/0740.jpg,new
old/0742.jpg,new
old/0743.jpg,new
old/0744.jpg,new
old/0745.jpg,new
old/0746.jpg,new
old/0747.jpg,new
old/0748.jpg,new
old/0749.jpg,new
old/0750.jpg,new
old/0751.jpg,new
old/0753.jpg,new
old/0757.jpg,new
old/0758.jpg,new
old/0759.jpg,new
old/0760.jpg,new
old/0761.jpg,new
old/0762.jpg,new
old/0763.jpg,new
old/0764.jpg,new
old/0765.jpg,new
old/0766.jpg,new
old/0767.jpg,new
old/0768.jpg,new
old/0769.jpg,new
old/0770.jpg,new
old/0771.jpg,new
old/0772.jpg,new
old/0773.jpg,new
old/0774.jpg,new
old/0775.jpg,new
old/0776.jpg,new
old/0777.jpg,new
old/0778.jpg,new
old/0780.jpg,new
old/0781.jpg,new
old/0783.jpg,new
old/0784.jpg,new
old/0785.jpg,new
old/0786.jpg,new
old/0788.jpg,new
old/0789.jpg,new
old/0791.jpg,new
old/0792.jpg,new
old/0793.jpg,new
old/0794.jpg,new
old/0795.jpg,new
old/0796.jpg,new
old/0797.jpg,new
old/0798.jpg,new
old/0799.jpg,new
old/0800.jpg,new
old/0801.jpg,new
old/0802.jpg,new
old/0803.jpg,new
old/0804.jpg,new
old/0806.jpg,new
old/0807.jpg,new
old/0808.jpg,new
old/0811.jpg,new
old/0812.jpg,new
old/0813.jpg,new
old/0814.jpg,new
old/0815.jpg,new
old/0816.jpg,new
old/0817.jpg,new
old/0818.jpg,new
old/0819.jpg,new
old/0821.jpg,new
old/0822.jpg,new
old/0823.jpg,new
old/0824.jpg,new
old/0825.jpg,new
old/0826.jpg,new
old/0827.jpg,new
old/0828.jpg,new
old/0829.jpg,new
old/0830.jpg,new
old/0831.jpg,new
old/0832.jpg,new
old/0833.jpg,new
old/0834.jpg,new
old/0835.jpg,new
old/0838.jpg,new
old/0839.jpg,new
old/0840.jpg,new
old/0841.jpg,new
old/0842.jpg,new
old/0843.jpg,new
old/0844.jpg,new
old/0845.jpg,new
old/0846.jpg,new
old/0847.jpg,new
old/0848.jpg,new
old/0849.jpg,new
old/0850.jpg,new
old/0851.jpg,new
old/0852.jpg,new
old/0853.jpg,new
old/0854.jpg,new
old/0855.jpg,new
old/0856.jpg,new
old/0857.jpg,new
old/0858.jpg,new
old/0859.jpg,new
old/0860.jpg,new
old/0861.jpg,new
old/0862.jpg,new
old/0863.jpg,new
old/0864.jpg,new
old/0865.jpg,new
old/0866.jpg,new
old/0867.jpg,new
old/0868.jpg,new
old/0869.jpg,new
old/0870.jpg,new
old/0871.jpg,new
old/0872.jpg,new
old/0873.jpg,new
old/0874.jpg,new
old/0875.jpg,new
old/0876.jpg,new
old/0877.jpg,new
old/0879.jpg,new
old/0880.jpg,new
old/0883.jpg,new
old/0884.jpg,new
old/0885.jpg,new
old/0886.jpg,new
old/0887.jpg,new
old/0888.jpg,new
old/0889.jpg,new
old/0890.jpg,new
old/0891.jpg,new
old/0892.jpg,new
old/0893.jpg,new
old/0894.jpg,new
old/0895.jpg,new
old/0896.jpg,new
old/0897.jpg,new
old/0898.jpg,new
old/0899.jpg,new
old/0900.jpg,new
old/0901.jpg,new
old/0902.jpg,new
old/0903.jpg,new
old/0904.jpg,new
old/0905.jpg,new
old/0907.jpg,new
old/0908.jpg,new
old/0909.jpg,new
old/0910.jpg,new
old/0911.jpg,new
old/0912.jpg,new
old/0913.jpg,new
old/0914.jpg,new
old/0915.jpg,new
old/0917.jpg,new
old/0918.jpg,new
old/0919.jpg,new
old/0920.jpg,new
old/0922.jpg,new
old/0923.jpg,new
old/0924.jpg,new
old/0925.jpg,new
old/0927.jpg,new
old/0928.jpg,new
old/0929.jpg,new
old/0930.jpg,new
old/0931.jpg,new
old/0932.jpg,new
old/0933.jpg,new
old/0934.jpg,new
old/0935.jpg,new
old/0936.jpg,new
old/0937.jpg,new
old/0938.jpg,new
old/0939.jpg,new
old/0940.jpg,new
old/0941.jpg,new
old/0942.jpg,new
old/0944.jpg,new
old/0945.jpg,new
old/0946.jpg,new
old/0947.jpg,new
old/0949.jpg,new
old/0950.jpg,new
old/0951.jpg,new
old/0952.jpg,new
old/0953.jpg,new
old/0954.jpg,new
old/0955.jpg,new
old/0956.jpg,new
old/0957.jpg,new
old/0958.jpg,new
old/0959.jpg,new
old/0960.jpg,new
old/0961.jpg,new
old/0962.jpg,new
old/0963.jpg,new
old/0964.jpg,new
old/0965.jpg,new
old/0966.jpg,new
old/0967.jpg,new
old/0968.jpg,new
old/0969.jpg,new
old/0970.jpg,new
old/0971.jpg,new
old/0972.jpg,new
old/0973.jpg,new
old/0975.jpg,new
old/0976.jpg,new
old/0977.jpg,new
old/0978.jpg,new
old/0979.jpg,new
old/0981.jpg,new
old/0982.jpg,new
old/0983.jpg,new
old/0984.jpg,new
old/0985.jpg,new
old/0986.jpg,new
old/0987.jpg,new
old/0988.jpg,new
old/0989.jpg,new
old/0990.jpg,new
old/0991.jpg,new
old/0992.jpg,new
old/0993.jpg,new
old/0994.jpg,new
old/0995.jpg,new
old/0996.jpg,new
old/0997.jpg,new
old/0998.jpg,new
old/0999.jpg,new
old/1000.jpg,new
old/1001.jpg,new
old/1003.jpg,new
old/1004.jpg,new
old/1005.jpg,new
old/1006.jpg,new
old/1007.jpg,new
old/1008.jpg,new
old/1009.jpg,new
old/1010.jpg,new
old/1011.jpg,new
old/1012.jpg,new
old/1013.jpg,new
old/1014.jpg,new
old/1015.jpg,new
old/1016.jpg,new
old/1017.jpg,new
old/1018.jpg,new
old/1019.jpg,new
old/1020.jpg,new
old/1021.jpg,new
old/1022.jpg,new
old/1023.jpg,new
old/1024.jpg,new
old/1025.jpg,new
old/1026.jpg,new
old/1027.jpg,new
old/1028.jpg,new
old/1029.jpg,new
old/1030.jpg,new
old/1031.jpg,new
old/1032.jpg,new
old/1033.jpg,new
old/1034.jpg,new
old/1035.jpg,new
old/1036.jpg,new
old/1037.jpg,new
old/1038.jpg,new
old/1039.jpg,new
old/1040.jpg,new
old/1041.jpg,new
old/1042.jpg,new
old/1044.jpg,new
old/1045.jpg,new
old/1046.jpg,new
old/1047.jpg,new
old/1048.jpg,new
old/1049.jpg,new
old/1050.jpg,new
old/1051.jpg,new
old/1052.jpg,new
old/1053.jpg,new
old/1054.jpg,new
old/1055.jpg,new
old/1056.jpg,new
old/1057.jpg,new
old/1058.jpg,new
old/1059.jpg,new
old/1060.jpg,new
old/1061.jpg,new
old/1062.jpg,new
old/1064.jpg,new
old/1065.jpg,new
old/1066.jpg,new
old/1067.jpg,new
old/1068.jpg,new
old/1069.jpg,new
old/1070.jpg,new
old/1071.jpg,new
old/1072.jpg,new
old/1073.jpg,new
old/1074.jpg,new
old/1075.jpg,new
old/1076.jpg,new
old/1077.jpg,new
old/1078.jpg,new
old/1079.jpg,new
old/1080.jpg,new
old/1081.jpg,new
old/1082.jpg,new
old/1083.jpg,new
old/1084.jpg,new
old/1085.jpg,new
old/1086.jpg,new
old/1087.jpg,new
old/1088.jpg,new
old/1089.jpg,new
old/1090.jpg,new
old/1091.jpg,new
old/1092.jpg,new
old/1093.jpg,new
old/1094.jpg,new
old/1095.jpg,new
old/1096.jpg,new
old/1097.jpg,new
old/1098.jpg,new
old/1099.jpg,new
old/1100.jpg,new
old/1101.jpg,new
old/1102.jpg,new
old/1103.jpg,new
old/1104.jpg,new
old/1105.jpg,new
old/1106.jpg,new
old/1107.jpg,new
old/1108.jpg,new
old/1109.jpg,new
old/1110.jpg,new
old/1111.jpg,new
old/1112.jpg,new
old/1113.jpg,new
old/1114.jpg,new
old/1115.jpg,new
old/1116.jpg,new
old/1117.jpg,new
old/1118.jpg,new
old/1119.jpg,new
old/1120.jpg,new
old/1121.jpg,new
old/1122.jpg,new
old/1123.jpg,new
old/1124.jpg,new
old/1125.jpg,new
old/1126.jpg,new
old/1127.jpg,new
old/1128.jpg,new
old/1129.jpg,new
old/1130.jpg,new
old/1131.jpg,new
old/1132.jpg,new
old/1133.jpg,new
old/1134.jpg,new
old/1135.jpg,new
old/1136.jpg,new
old/1137.jpg,new
old/1138.jpg,new
old/1139.jpg,new
old/1140.jpg,new
old/1141.jpg,new
old/1142.jpg,new
old/1143.jpg,new
old/1144.jpg,new
old/1145.jpg,new
old/1146.jpg,new
old/1147.jpg,new
old/1148.jpg,new
old/1150.jpg,new
old/1151.jpg,new
old/1152.jpg,new
old/1153.jpg,new
old/1154.jpg,new
old/1155.jpg,new
old/1156.jpg,new
old/1157.jpg,new
old/1158.jpg,new
old/1159.jpg,new
old/1160.jpg,new
old/1161.jpg,new
old/1162.jpg,new
old/1163.jpg,new
old/1164.jpg,new
old/1165.jpg,new
old/1166.jpg,new
old/1168.jpg,new
old/1169.jpg,new
old/1170.jpg,new
old/1171.jpg,new
old/1172.jpg,new
old/1173.jpg,new
old/1174.jpg,new
old/1175.jpg,new
old/1176.jpg,new
old/1177.jpg,new
old/1178.jpg,new
old/1179.jpg,new
old/1180.jpg,new
old/1181.jpg,new
old/1182.jpg,new
old/1183.jpg,new
old/1184.jpg,new
old/1185.jpg,new
old/1186.jpg,new
old/1187.jpg,new
old/1188.jpg,new
old/1189.jpg,new
old/1190.jpg,new
old/1191.jpg,new
old/1192.jpg,new
old/1193.jpg,new
old/1195.jpg,new
old/1197.jpg,new
old/1198.jpg,new
old/1199.jpg,new
old/1200.jpg,new
old/1201.jpg,new
old/1202.jpg,new
old/1203.jpg,new
old/1204.jpg,new
old/1206.jpg,new
old/1207.jpg,new
old/1208.jpg,new
old/1209.jpg,new
old/1210.jpg,new
old/1211.jpg,new
old/1212.jpg,new
old/1213.jpg,new
old/1214.jpg,new
old/1215.jpg,new
old/1217.jpg,new
old/1218.jpg,new
old/1219.jpg,new
old/1220.jpg,new
old/1221.jpg,new
old/1222.jpg,new
old/1223.jpg,new
old/1224.jpg,new
old/1225.jpg,new
old/1226.jpg,new
old/1227.jpg,new
old/1229.jpg,new
old/1230.jpg,new
old/1231.jpg,new
old/1232.jpg,new
old/1233.jpg,new
old/1234.jpg,new
old/1235.jpg,new
old/1236.jpg,new
old/1237.jpg,new
old/1238.jpg,new
old/1239.jpg,new
old/1240.jpg,new
old/1241.jpg,new
old/1242.jpg,new
old/1243.jpg,new
old/1244.jpg,new
old/1245.jpg,new
old/1246.jpg,new
old/1247.jpg,new
old/1248.jpg,new
old/1249.jpg,new
old/1250.jpg,new
old/1251.jpg,new
old/1253.jpg,new
old/1254.jpg,new
old/1255.jpg,new
old/1256.jpg,new
old/1257.jpg,new
old/1258.jpg,new
old/1260.jpg,new
old/1261.jpg,new
old/1262.jpg,new
old/1263.jpg,new
old/1264.jpg,new
old/1266.jpg,new
old/1267.jpg,new
old/1268.jpg,new
old/1269.jpg,new
old/1270.jpg,new
old/1271.jpg,new
old/1272.jpg,new
old/1273.jpg,new
old/1274.jpg,new
old/1275.jpg,new
old/1276.jpg,new
old/1277.jpg,new
old/1278.jpg,new
old/1279.jpg,new
old/1280.jpg,new
old/1281.jpg,new
old/1282.jpg,new
old/1283.jpg,new
old/1284.jpg,new
old/1285.jpg,new
old/1286.jpg,new
old/1287.jpg,new
old/1288.jpg,new
old/1289.jpg,new
old/1290.jpg,new
old/1292.jpg,new
old/1293.jpg,new
old/1294.jpg,new
old/1295.jpg,new
old/1296.jpg,new
old/1297.jpg,new
old/1298.jpg,new
old/1299.jpg,new
old/1300.jpg,new
old/1301.jpg,new
old/1303.jpg,new
old/1304.jpg,new
old/1305.jpg,new
old/1306.jpg,new
old/1307.jpg,new
old/1308.jpg,new
old/1309.jpg,new
old/1310.jpg,new
old/1311.jpg,new
old/1312.jpg,new
old/1313.jpg,new
old/1314.jpg,new
old/1315.jpg,new
old/1316.jpg,new
old/1317.jpg,new
old/1318.jpg,new
old/1319.jpg,new
old/1320.jpg,new
old/1321.jpg,new
old/1322.jpg,new
old/1323.jpg,new
old/1324.jpg,new
old/1325.jpg,new
old/1326.jpg,new
old/1327.jpg,new
old/1328.jpg,new
old/1329.jpg,new
old/1330.jpg,new
old/1331.jpg,new
old/1332.jpg,new
old/1333.jpg,new
old/1334.jpg,new
old/1335.jpg,new
old/1336.jpg,new
old/1337.jpg,new
old/1338.jpg,new
old/1339.jpg,new
old/1340.jpg,new
old/1341.jpg,new
old/1342.jpg,new
old/1343.jpg,new
old/1344.jpg,new
old/1345.jpg,new
old/1346.jpg,new
old/1347.jpg,new
old/1348.jpg,new
old/1349.jpg,new
old/1350.jpg,new
old/1351.jpg,new
old/1352.jpg,new
old/1353.jpg,new
old/1354.jpg,new
old/1355.jpg,new
old/1356.jpg,new
old/1357.jpg,new
old/1358.jpg,new
old/1359.jpg,new
old/1360.jpg,new
old/1361.jpg,new
old/1362.jpg,new
old/1363.jpg,new
old/1364.jpg,new
old/1365.jpg,new
old/1366.jpg,new
old/1367.jpg,new
