image1,image2,y
new/0000.png,old/0000.jpg,1
new/0001.png,old/0001.jpg,1
new/0002.png,old/0002.jpg,1
new/0003.png,old/0003.jpg,1
new/0004.png,old/0004.jpg,1
new/0005.png,old/0005.jpg,1
new/0006.png,old/0006.jpg,1
new/0007.png,old/0007.jpg,1
new/0008.png,old/0008.jpg,1
new/0009.png,old/0009.jpg,1
new/0010.png,old/0010.jpg,1
new/0011.png,old/0011.jpg,1
new/0012.png,old/0012.jpg,1
new/0013.png,old/0013.jpg,1
new/0014.png,old/0014.jpg,1
new/0015.png,old/0015.jpg,1
new/0016.png,old/0016.jpg,1
new/0017.png,old/0017.jpg,1
new/0018.png,old/0018.jpg,1
new/0019.png,old/0019.jpg,1
new/0022.png,old/0022.jpg,1
new/0024.png,old/0024.jpg,1
new/0025.png,old/0025.jpg,1
new/0026.png,old/0026.jpg,1
new/0028.png,old/0028.jpg,1
new/0029.png,old/0029.jpg,1
new/0031.png,old/0031.jpg,1
new/0032.png,old/0032.jpg,1
new/0033.png,old/0033.jpg,1
new/0035.png,old/0035.jpg,1
new/0038.png,old/0038.jpg,1
new/0039.png,old/0039.jpg,1
new/0040.png,old/0040.jpg,1
new/0042.png,old/0042.jpg,1
new/0044.png,old/0044.jpg,1
new/0045.png,old/0045.jpg,1
new/0047.png,old/0047.jpg,1
new/0049.png,old/0049.jpg,1
new/0052.png,old/0052.jpg,1
new/0058.png,old/0058.jpg,1
new/0059.png,old/0059.jpg,1
new/0060.png,old/0060.jpg,1
new/0061.png,old/0061.jpg,1
new/0062.png,old/0062.jpg,1
new/0064.png,old/0064.jpg,1
new/0065.png,old/0065.jpg,1
new/0066.png,old/0066.jpg,1
new/0067.png,old/0067.jpg,1
new/0068.png,old/0068.jpg,1
new/0069.png,old/0069.jpg,1
new/0070.png,old/0070.jpg,1
new/0072.png,old/0072.jpg,1
new/0073.png,old/0073.jpg,1
new/0074.png,old/0074.jpg,1
new/0075.png,old/0075.jpg,1
new/0076.png,old/0076.jpg,1
new/0080.png,old/0080.jpg,1
new/0081.png,old/0081.jpg,1
new/0084.png,old/0084.jpg,1
new/0085.png,old/0085.jpg,1
new/0086.png,old/0086.jpg,1
new/0088.png,old/0088.jpg,1
new/0089.png,old/0089.jpg,1
new/0091.png,old/0091.jpg,1
new/0093.png,old/0093.jpg,1
new/0094.png,old/0094.jpg,1
new/0095.png,old/0095.jpg,1
new/0096.png,old/0096.jpg,1
new/0098.png,old/0098.jpg,1
new/0099.png,old/0099.jpg,1
new/0101.png,old/0101.jpg,1
new/0103.png,old/0103.jpg,1
new/0105.png,old/0105.jpg,1
new/0106.png,old/0106.jpg,1
new/0107.png,old/0107.jpg,1
new/0108.png,old/0108.jpg,1
new/0110.png,old/0110.jpg,1
new/0111.png,old/0111.jpg,1
new/0112.png,old/0112.jpg,1
new/0113.png,old/0113.jpg,1
new/0114.png,old/0114.jpg,1
new/0115.png,old/0115.jpg,1
new/0116.png,old/0116.jpg,1
new/0117.png,old/0117.jpg,1
new/0118.png,old/0118.jpg,1
new/0119.png,old/0119.jpg,1
new/0120.png,old/0120.jpg,1
new/0122.png,old/0122.jpg,1
new/0123.png,old/0123.jpg,1
new/0124.png,old/0124.jpg,1
new/0125.png,old/0125.jpg,1
new/0126.png,old/0126.jpg,1
new/0127.png,old/0127.jpg,1
new/0128.png,old/0128.jpg,1
new/0129.png,old/0129.jpg,1
new/0130.png,old/0130.jpg,1
new/0131.png,old/0131.jpg,1
new/0132.png,old/0132.jpg,1
new/0133.png,old/0133.jpg,1
new/0134.png,old/0134.jpg,1
new/0135.png,old/0135.jpg,1
new/0136.png,old/0136.jpg,1
new/0137.png,old/0137.jpg,1
new/0138.png,old/0138.jpg,1
new/0139.png,old/0139.jpg,1
new/0140.png,old/0140.jpg,1
new/0141.png,old/0141.jpg,1
new/0142.png,old/0142.jpg,1
new/0143.png,old/0143.jpg,1
new/0144.png,old/0144.jpg,1
new/0145.png,old/0145.jpg,1
new/0146.png,old/0146.jpg,1
new/0147.png,old/0147.jpg,1
new/0148.png,old/0148.jpg,1
new/0149.png,old/0149.jpg,1
new/0150.png,old/0150.jpg,1
new/0151.png,old/0151.jpg,1
new/0152.png,old/0152.jpg,1
new/0153.png,old/0153.jpg,1
new/0154.png,old/0154.jpg,1
new/0155.png,old/0155.jpg,1
new/0156.png,old/0156.jpg,1
new/0157.png,old/0157.jpg,1
new/0159.png,old/0159.jpg,1
new/0160.png,old/0160.jpg,1
new/0161.png,old/0161.jpg,1
new/0162.png,old/0162.jpg,1
new/0163.png,old/0163.jpg,1
new/0164.png,old/0164.jpg,1
new/0165.png,old/0165.jpg,1
new/0166.png,old/0166.jpg,1
new/0167.png,old/0167.jpg,1
new/0168.png,old/0168.jpg,1
new/0169.png,old/0169.jpg,1
new/0170.png,old/0170.jpg,1
new/0171.png,old/0171.jpg,1
new/0174.png,old/0174.jpg,1
new/0175.png,old/0175.jpg,1
new/0177.png,old/0177.jpg,1
new/0178.png,old/0178.jpg,1
new/0179.png,old/0179.jpg,1
new/0180.png,old/0180.jpg,1
new/0181.png,old/0181.jpg,1
new/0182.png,old/0182.jpg,1
new/0183.png,old/0183.jpg,1
new/0184.png,old/0184.jpg,1
new/0185.png,old/0185.jpg,1
new/0186.png,old/0186.jpg,1
new/0187.png,old/0187.jpg,1
new/0188.png,old/0188.jpg,1
new/0189.png,old/0189.jpg,1
new/0192.png,old/0192.jpg,1
new/0193.png,old/0193.jpg,1
new/0194.png,old/0194.jpg,1
new/0195.png,old/0195.jpg,1
new/0196.png,old/0196.jpg,1
new/0199.png,old/0199.jpg,1
new/0200.png,old/0200.jpg,1
new/0201.png,old/0201.jpg,1
new/0202.png,old/0202.jpg,1
new/0203.png,old/0203.jpg,1
new/0204.png,old/0204.jpg,1
new/0205.png,old/0205.jpg,1
new/0206.png,old/0206.jpg,1
new/0207.png,old/0207.jpg,1
new/0208.png,old/0208.jpg,1
new/0209.png,old/0209.jpg,1
new/0210.png,old/0210.jpg,1
new/0211.png,old/0211.jpg,1
new/0212.png,old/0212.jpg,1
new/0213.png,old/0213.jpg,1
new/0215.png,old/0215.jpg,1
new/0216.png,old/0216.jpg,1
new/0217.png,old/0217.jpg,1
new/0218.png,old/0218.jpg,1
new/0220.png,old/0220.jpg,1
new/0221.png,old/0221.jpg,1
new/0222.png,old/0222.jpg,1
new/0223.png,old/0223.jpg,1
new/0224.png,old/0224.jpg,1
new/0225.png,old/0225.jpg,1
new/0226.png,old/0226.jpg,1
new/0227.png,old/0227.jpg,1
new/0228.png,old/0228.jpg,1
new/0230.png,old/0230.jpg,1
new/0231.png,old/0231.jpg,1
new/0232.png,old/0232.jpg,1
new/0233.png,old/0233.jpg,1
new/0234.png,old/0234.jpg,1
new/0235.png,old/0235.jpg,1
new/0237.png,old/0237.jpg,1
new/0238.png,old/0238.jpg,1
new/0239.png,old/0239.jpg,1
new/0240.png,old/0240.jpg,1
new/0242.png,old/0242.jpg,1
new/0243.png,old/0243.jpg,1
new/0244.png,old/0244.jpg,1
new/0246.png,old/0246.jpg,1
new/0247.png,old/0247.jpg,1
new/0248.png,old/0248.jpg,1
new/0249.png,old/0249.jpg,1
new/0250.png,old/0250.jpg,1
new/0251.png,old/0251.jpg,1
new/0252.png,old/0252.jpg,1
new/0253.png,old/0253.jpg,1
new/0254.png,old/0254.jpg,1
new/0255.png,old/0255.jpg,1
new/0256.png,old/0256.jpg,1
new/0257.png,old/0257.jpg,1
new/0259.png,old/0259.jpg,1
new/0260.png,old/0260.jpg,1
new/0261.png,old/0261.jpg,1
new/0262.png,old/0262.jpg,1
new/0263.png,old/0263.jpg,1
new/0264.png,old/0264.jpg,1
new/0266.png,old/0266.jpg,1
new/0267.png,old/0267.jpg,1
new/0268.png,old/0268.jpg,1
new/0269.png,old/0269.jpg,1
new/0270.png,old/0270.jpg,1
new/0271.png,old/0271.jpg,1
new/0272.png,old/0272.jpg,1
new/0273.png,old/0273.jpg,1
new/0274.png,old/0274.jpg,1
new/0275.png,old/0275.jpg,1
new/0276.png,old/0276.jpg,1
new/0277.png,old/0277.jpg,1
new/0278.png,old/0278.jpg,1
new/0279.png,old/0279.jpg,1
new/0281.png,old/0281.jpg,1
new/0282.png,old/0282.jpg,1
new/0283.png,old/0283.jpg,1
new/0284.png,old/0284.jpg,1
new/0285.png,old/0285.jpg,1
new/0286.png,old/0286.jpg,1
new/0287.png,old/0287.jpg,1
new/0288.png,old/0288.jpg,1
new/0289.png,old/0289.jpg,1
new/0290.png,old/0290.jpg,1
new/0291.png,old/0291.jpg,1
new/0292.png,old/0292.jpg,1
new/0293.png,old/0293.jpg,1
new/0294.png,old/0294.jpg,1
new/0295.png,old/0295.jpg,1
new/0296.png,old/0296.jpg,1
new/0297.png,old/0297.jpg,1
new/0298.png,old/0298.jpg,1
new/0299.png,old/0299.jpg,1
new/0300.png,old/0300.jpg,1
new/0301.png,old/0301.jpg,1
new/0302.png,old/0302.jpg,1
new/0303.png,old/0303.jpg,1
new/0304.png,old/0304.jpg,1
new/0305.png,old/0305.jpg,1
new/0306.png,old/0306.jpg,1
new/0307.png,old/0307.jpg,1
new/0308.png,old/0308.jpg,1
new/0309.png,old/0309.jpg,1
new/0310.png,old/0310.jpg,1
new/0311.png,old/0311.jpg,1
new/0312.png,old/0312.jpg,1
new/0313.png,old/0313.jpg,1
new/0314.png,old/0314.jpg,1
new/0315.png,old/0315.jpg,1
new/0316.png,old/0316.jpg,1
new/0317.png,old/0317.jpg,1
new/0318.png,old/0318.jpg,1
new/0319.png,old/0319.jpg,1
new/0320.png,old/0320.jpg,1
new/0321.png,old/0321.jpg,1
new/0322.png,old/0322.jpg,1
new/0323.png,old/0323.jpg,1
new/0324.png,old/0324.jpg,1
new/0326.png,old/0326.jpg,1
new/0327.png,old/0327.jpg,1
new/0328.png,old/0328.jpg,1
new/0330.png,old/0330.jpg,1
new/0331.png,old/0331.jpg,1
new/0332.png,old/0332.jpg,1
new/0333.png,old/0333.jpg,1
new/0335.png,old/0335.jpg,1
new/0336.png,old/0336.jpg,1
new/0337.png,old/0337.jpg,1
new/0338.png,old/0338.jpg,1
new/0339.png,old/0339.jpg,1
new/0340.png,old/0340.jpg,1
new/0341.png,old/0341.jpg,1
new/0342.png,old/0342.jpg,1
new/0343.png,old/0343.jpg,1
new/0344.png,old/0344.jpg,1
new/0345.png,old/0345.jpg,1
new/0346.png,old/0346.jpg,1
new/0347.png,old/0347.jpg,1
new/0348.png,old/0348.jpg,1
new/0349.png,old/0349.jpg,1
new/0350.png,old/0350.jpg,1
new/0351.png,old/0351.jpg,1
new/0353.png,old/0353.jpg,1
new/0354.png,old/0354.jpg,1
new/0355.png,old/0355.jpg,1
new/0356.png,old/0356.jpg,1
new/0357.png,old/0357.jpg,1
new/0358.png,old/0358.jpg,1
new/0359.png,old/0359.jpg,1
new/0360.png,old/0360.jpg,1
new/0361.png,old/0361.jpg,1
new/0363.png,old/0363.jpg,1
new/0364.png,old/0364.jpg,1
new/0365.png,old/0365.jpg,1
new/0366.png,old/0366.jpg,1
new/0368.png,old/0368.jpg,1
new/0369.png,old/0369.jpg,1
new/0370.png,old/0370.jpg,1
new/0371.png,old/0371.jpg,1
new/0372.png,old/0372.jpg,1
new/0373.png,old/0373.jpg,1
new/0374.png,old/0374.jpg,1
new/0375.png,old/0375.jpg,1
new/0378.png,old/0378.jpg,1
new/0379.png,old/0379.jpg,1
new/0380.png,old/0380.jpg,1
new/0381.png,old/0381.jpg,1
new/0382.png,old/0382.jpg,1
new/0383.png,old/0383.jpg,1
new/0384.png,old/0384.jpg,1
new/0385.png,old/0385.jpg,1
new/0386.png,old/0386.jpg,1
new/0388.png,old/0388.jpg,1
new/0389.png,old/0389.jpg,1
new/0390.png,old/0390.jpg,1
new/0391.png,old/0391.jpg,1
new/0392.png,old/0392.jpg,1
new/0393.png,old/0393.jpg,1
new/0394.png,old/0394.jpg,1
new/0395.png,old/0395.jpg,1
new/0396.png,old/0396.jpg,1
new/0400.png,old/0400.jpg,1
new/0401.png,old/0401.jpg,1
new/0402.png,old/0402.jpg,1
new/0403.png,old/0403.jpg,1
new/0404.png,old/0404.jpg,1
new/0405.png,old/0405.jpg,1
new/0406.png,old/0406.jpg,1
new/0407.png,old/0407.jpg,1
new/0408.png,old/0408.jpg,1
new/0409.png,old/0409.jpg,1
new/0410.png,old/0410.jpg,1
new/0411.png,old/0411.jpg,1
new/0412.png,old/0412.jpg,1
new/0413.png,old/0413.jpg,1
new/0415.png,old/0415.jpg,1
new/0416.png,old/0416.jpg,1
new/0417.png,old/0417.jpg,1
new/0418.png,old/0418.jpg,1
new/0419.png,old/0419.jpg,1
new/0420.png,old/0420.jpg,1
new/0421.png,old/0421.jpg,1
new/0422.png,old/0422.jpg,1
new/0423.png,old/0423.jpg,1
new/0424.png,old/0424.jpg,1
new/0425.png,old/0425.jpg,1
new/0426.png,old/0426.jpg,1
new/0427.png,old/0427.jpg,1
new/0428.png,old/0428.jpg,1
new/0429.png,old/0429.jpg,1
new/0433.png,old/0433.jpg,1
new/0435.png,old/0435.jpg,1
new/0436.png,old/0436.jpg,1
new/0437.png,old/0437.jpg,1
new/0438.png,old/0438.jpg,1
new/0439.png,old/0439.jpg,1
new/0440.png,old/0440.jpg,1
new/0441.png,old/0441.jpg,1
new/0442.png,old/0442.jpg,1
new/0443.png,old/0443.jpg,1
new/0444.png,old/0444.jpg,1
new/0445.png,old/0445.jpg,1
new/0446.png,old/0446.jpg,1
new/0449.png,old/0449.jpg,1
new/0450.png,old/0450.jpg,1
new/0451.png,old/0451.jpg,1
new/0452.png,old/0452.jpg,1
new/0453.png,old/0453.jpg,1
new/0454.png,old/0454.jpg,1
new/0455.png,old/0455.jpg,1
new/0456.png,old/0456.jpg,1
new/0458.png,old/0458.jpg,1
new/0461.png,old/0461.jpg,1
new/0462.png,old/0462.jpg,1
new/0463.png,old/0463.jpg,1
new/0465.png,old/0465.jpg,1
new/0466.png,old/0466.jpg,1
new/0467.png,old/0467.jpg,1
new/0468.png,old/0468.jpg,1
new/0469.png,old/0469.jpg,1
new/0470.png,old/0470.jpg,1
new/0471.png,old/0471.jpg,1
new/0472.png,old/0472.jpg,1
new/0473.png,old/0473.jpg,1
new/0476.png,old/0476.jpg,1
new/0477.png,old/0477.jpg,1
new/0478.png,old/0478.jpg,1
new/0479.png,old/0479.jpg,1
new/0480.png,old/0480.jpg,1
new/0481.png,old/0481.jpg,1
new/0482.png,old/0482.jpg,1
new/0483.png,old/0483.jpg,1
new/0484.png,old/0484.jpg,1
new/0485.png,old/0485.jpg,1
new/0486.png,old/0486.jpg,1
new/0487.png,old/0487.jpg,1
new/0488.png,old/0488.jpg,1
new/0490.png,old/0490.jpg,1
new/0491.png,old/0491.jpg,1
new/0492.png,old/0492.jpg,1
new/0493.png,old/0493.jpg,1
new/0494.png,old/0494.jpg,1
new/0495.png,old/0495.jpg,1
new/0496.png,old/0496.jpg,1
new/0498.png,old/0498.jpg,1
new/0499.png,old/0499.jpg,1
new/0500.png,old/0500.jpg,1
new/0501.png,old/0501.jpg,1
new/0502.png,old/0502.jpg,1
new/0503.png,old/0503.jpg,1
new/0504.png,old/0504.jpg,1
new/0506.png,old/0506.jpg,1
new/0507.png,old/0507.jpg,1
new/0508.png,old/0508.jpg,1
new/0509.png,old/0509.jpg,1
new/0510.png,old/0510.jpg,1
new/0511.png,old/0511.jpg,1
new/0512.png,old/0512.jpg,1
new/0513.png,old/0513.jpg,1
new/0514.png,old/0514.jpg,1
new/0515.png,old/0515.jpg,1
new/0516.png,old/0516.jpg,1
new/0517.png,old/0517.jpg,1
new/0518.png,old/0518.jpg,1
new/0519.png,old/0519.jpg,1
new/0520.png,old/0520.jpg,1
new/0521.png,old/0521.jpg,1
new/0522.png,old/0522.jpg,1
new/0523.png,old/0523.jpg,1
new/0524.png,old/0524.jpg,1
new/0525.png,old/0525.jpg,1
new/0526.png,old/0526.jpg,1
new/0527.png,old/0527.jpg,1
new/0528.png,old/0528.jpg,1
new/0530.png,old/0530.jpg,1
new/0531.png,old/0531.jpg,1
new/0532.png,old/0532.jpg,1
new/0533.png,old/0533.jpg,1
new/0534.png,old/0534.jpg,1
new/0535.png,old/0535.jpg,1
new/0536.png,old/0536.jpg,1
new/0537.png,old/0537.jpg,1
new/0538.png,old/0538.jpg,1
new/0540.png,old/0540.jpg,1
new/0541.png,old/0541.jpg,1
new/0542.png,old/0542.jpg,1
new/0543.png,old/0543.jpg,1
new/0544.png,old/0544.jpg,1
new/0545.png,old/0545.jpg,1
new/0546.png,old/0546.jpg,1
new/0548.png,old/0548.jpg,1
new/0550.png,old/0550.jpg,1
new/0551.png,old/0551.jpg,1
new/0553.png,old/0553.jpg,1
new/0554.png,old/0554.jpg,1
new/0555.png,old/0555.jpg,1
new/0556.png,old/0556.jpg,1
new/0557.png,old/0557.jpg,1
new/0558.png,old/0558.jpg,1
new/0559.png,old/0559.jpg,1
new/0560.png,old/0560.jpg,1
new/0562.png,old/0562.jpg,1
new/0563.png,old/0563.jpg,1
new/0565.png,old/0565.jpg,1
new/0566.png,old/0566.jpg,1
new/0567.png,old/0567.jpg,1
new/0568.png,old/0568.jpg,1
new/0569.png,old/0569.jpg,1
new/0570.png,old/0570.jpg,1
new/0571.png,old/0571.jpg,1
new/0572.png,old/0572.jpg,1
new/0573.png,old/0573.jpg,1
new/0574.png,old/0574.jpg,1
new/0575.png,old/0575.jpg,1
new/0576.png,old/0576.jpg,1
new/0577.png,old/0577.jpg,1
new/0578.png,old/0578.jpg,1
new/0579.png,old/0579.jpg,1
new/0580.png,old/0580.jpg,1
new/0581.png,old/0581.jpg,1
new/0582.png,old/0582.jpg,1
new/0583.png,old/0583.jpg,1
new/0584.png,old/0584.jpg,1
new/0585.png,old/0585.jpg,1
new/0588.png,old/0588.jpg,1
new/0589.png,old/0589.jpg,1
new/0590.png,old/0590.jpg,1
new/0591.png,old/0591.jpg,1
new/0592.png,old/0592.jpg,1
new/0593.png,old/0593.jpg,1
new/0594.png,old/0594.jpg,1
new/0595.png,old/0595.jpg,1
new/0596.png,old/0596.jpg,1
new/0597.png,old/0597.jpg,1
new/0598.png,old/0598.jpg,1
new/0599.png,old/0599.jpg,1
new/0600.png,old/0600.jpg,1
new/0601.png,old/0601.jpg,1
new/0602.png,old/0602.jpg,1
new/0603.png,old/0603.jpg,1
new/0604.png,old/0604.jpg,1
new/0605.png,old/0605.jpg,1
new/0606.png,old/0606.jpg,1
new/0609.png,old/0609.jpg,1
new/0610.png,old/0610.jpg,1
new/0611.png,old/0611.jpg,1
new/0612.png,old/0612.jpg,1
new/0613.png,old/0613.jpg,1
new/0614.png,old/0614.jpg,1
new/0615.png,old/0615.jpg,1
new/0616.png,old/0616.jpg,1
new/0617.png,old/0617.jpg,1
new/0618.png,old/0618.jpg,1
new/0619.png,old/0619.jpg,1
new/0620.png,old/0620.jpg,1
new/0621.png,old/0621.jpg,1
new/0622.png,old/0622.jpg,1
new/0623.png,old/0623.jpg,1
new/0624.png,old/0624.jpg,1
new/0625.png,old/0625.jpg,1
new/0626.png,old/0626.jpg,1
new/0627.png,old/0627.jpg,1
new/0628.png,old/0628.jpg,1
new/0629.png,old/0629.jpg,1
new/0630.png,old/0630.jpg,1
new/0632.png,old/0632.jpg,1
new/0633.png,old/0633.jpg,1
new/0634.png,old/0634.jpg,1
new/0635.png,old/0635.jpg,1
new/0636.png,old/0636.jpg,1
new/0637.png,old/0637.jpg,1
new/0638.png,old/0638.jpg,1
new/0639.png,old/0639.jpg,1
new/0640.png,old/0640.jpg,1
new/0641.png,old/0641.jpg,1
new/0642.png,old/0642.jpg,1
new/0643.png,old/0643.jpg,1
new/0644.png,old/0644.jpg,1
new/0645.png,old/0645.jpg,1
new/0646.png,old/0646.jpg,1
new/0647.png,old/0647.jpg,1
new/0648.png,old/0648.jpg,1
new/0649.png,old/0649.jpg,1
new/0650.png,old/0650.jpg,1
new/0651.png,old/0651.jpg,1
new/0652.png,old/0652.jpg,1
new/0653.png,old/0653.jpg,1
new/0654.png,old/0654.jpg,1
new/0655.png,old/0655.jpg,1
new/0656.png,old/0656.jpg,1
new/0657.png,old/0657.jpg,1
new/0658.png,old/0658.jpg,1
new/0659.png,old/0659.jpg,1
new/0660.png,old/0660.jpg,1
new/0661.png,old/0661.jpg,1
new/0662.png,old/0662.jpg,1
new/0663.png,old/0663.jpg,1
new/0664.png,old/0664.jpg,1
new/0665.png,old/0665.jpg,1
new/0666.png,old/0666.jpg,1
new/0667.png,old/0667.jpg,1
new/0668.png,old/0668.jpg,1
new/0669.png,old/0669.jpg,1
new/0670.png,old/0670.jpg,1
new/0671.png,old/0671.jpg,1
new/0672.png,old/0672.jpg,1
new/0673.png,old/0673.jpg,1
new/0674.png,old/0674.jpg,1
new/0675.png,old/0675.jpg,1
new/0676.png,old/0676.jpg,1
new/0677.png,old/0677.jpg,1
new/0678.png,old/0678.jpg,1
new/0679.png,old/0679.jpg,1
new/0680.png,old/0680.jpg,1
new/0681.png,old/0681.jpg,1
new/0682.png,old/0682.jpg,1
new/0683.png,old/0683.jpg,1
new/0684.png,old/0684.jpg,1
new/0685.png,old/0685.jpg,1
new/0686.png,old/0686.jpg,1
new/0687.png,old/0687.jpg,1
new/0688.png,old/0688.jpg,1
new/0689.png,old/0689.jpg,1
new/0690.png,old/0690.jpg,1
new/0691.png,old/0691.jpg,1
new/0692.png,old/0692.jpg,1
new/0693.png,old/0693.jpg,1
new/0695.png,old/0695.jpg,1
new/0696.png,old/0696.jpg,1
new/0697.png,old/0697.jpg,1
new/0698.png,old/0698.jpg,1
new/0699.png,old/0699.jpg,1
new/0701.png,old/0701.jpg,1
new/0702.png,old/0702.jpg,1
new/0703.png,old/0703.jpg,1
new/0704.png,old/0704.jpg,1
new/0705.png,old/0705.jpg,1
new/0706.png,old/0706.jpg,1
new/0707.png,old/0707.jpg,1
new/0708.png,old/0708.jpg,1
new/0709.png,old/0709.jpg,1
new/0710.png,old/0710.jpg,1
new/0711.png,old/0711.jpg,1
new/0712.png,old/0712.jpg,1
new/0713.png,old/0713.jpg,1
new/0714.png,old/0714.jpg,1
new/0715.png,old/0715.jpg,1
new/0716.png,old/0716.jpg,1
new/0717.png,old/0717.jpg,1
new/0718.png,old/0718.jpg,1
new/0720.png,old/0720.jpg,1
new/0721.png,old/0721.jpg,1
new/0722.png,old/0722.jpg,1
new/0724.png,old/0724.jpg,1
new/0725.png,old/0725.jpg,1
new/0726.png,old/0726.jpg,1
new/0727.png,old/0727.jpg,1
new/0728.png,old/0728.jpg,1
new/0729.png,old/0729.jpg,1
new/0730.png,old/0730.jpg,1
new/0731.png,old/0731.jpg,1
new/0732.png,old/0732.jpg,1
new/0733.png,old/0733.jpg,1
new/0734.png,old/0734.jpg,1
new/0735.png,old/0735.jpg,1
new/0736.png,old/0736.jpg,1
new/0737.png,old/0737.jpg,1
new/0738.png,old/0738.jpg,1
new/0739.png,old/0739.jpg,1
new/0740.png,old/0740.jpg,1
new/0742.png,old/0742.jpg,1
new/0743.png,old/0743.jpg,1
new/0744.png,old/0744.jpg,1
new/0745.png,old/0745.jpg,1
new/0746.png,old/0746.jpg,1
new/0747.png,old/0747.jpg,1
new/0748.png,old/0748.jpg,1
new/0749.png,old/0749.jpg,1
new/0750.png,old/0750.jpg,1
new/0751.png,old/0751.jpg,1
new/0753.png,old/0753.jpg,1
new/0757.png,old/0757.jpg,1
new/0758.png,old/0758.jpg,1
new/0759.png,old/0759.jpg,1
new/0760.png,old/0760.jpg,1
new/0761.png,old/0761.jpg,1
new/0762.png,old/0762.jpg,1
new/0763.png,old/0763.jpg,1
new/0764.png,old/0764.jpg,1
new/0765.png,old/0765.jpg,1
new/0766.png,old/0766.jpg,1
new/0767.png,old/0767.jpg,1
new/0768.png,old/0768.jpg,1
new/0769.png,old/0769.jpg,1
new/0770.png,old/0770.jpg,1
new/0771.png,old/0771.jpg,1
new/0772.png,old/0772.jpg,1
new/0773.png,old/0773.jpg,1
new/0774.png,old/0774.jpg,1
new/0775.png,old/0775.jpg,1
new/0776.png,old/0776.jpg,1
new/0777.png,old/0777.jpg,1
new/0778.png,old/0778.jpg,1
new/0780.png,old/0780.jpg,1
new/0781.png,old/0781.jpg,1
new/0783.png,old/0783.jpg,1
new/0784.png,old/0784.jpg,1
new/0785.png,old/0785.jpg,1
new/0786.png,old/0786.jpg,1
new/0788.png,old/0788.jpg,1
new/0789.png,old/0789.jpg,1
new/0791.png,old/0791.jpg,1
new/0792.png,old/0792.jpg,1
new/0793.png,old/0793.jpg,1
new/0794.png,old/0794.jpg,1
new/0795.png,old/0795.jpg,1
new/0796.png,old/0796.jpg,1
new/0797.png,old/0797.jpg,1
new/0798.png,old/0798.jpg,1
new/0799.png,old/0799.jpg,1
new/0800.png,old/0800.jpg,1
new/0801.png,old/0801.jpg,1
new/0802.png,old/0802.jpg,1
new/0803.png,old/0803.jpg,1
new/0804.png,old/0804.jpg,1
new/0806.png,old/0806.jpg,1
new/0807.png,old/0807.jpg,1
new/0808.png,old/0808.jpg,1
new/0811.png,old/0811.jpg,1
new/0812.png,old/0812.jpg,1
new/0813.png,old/0813.jpg,1
new/0814.png,old/0814.jpg,1
new/0815.png,old/0815.jpg,1
new/0816.png,old/0816.jpg,1
new/0817.png,old/0817.jpg,1
new/0818.png,old/0818.jpg,1
new/0819.png,old/0819.jpg,1
new/0821.png,old/0821.jpg,1
new/0822.png,old/0822.jpg,1
new/0823.png,old/0823.jpg,1
new/0824.png,old/0824.jpg,1
new/0825.png,old/0825.jpg,1
new/0826.png,old/0826.jpg,1
new/0827.png,old/0827.jpg,1
new/0828.png,old/0828.jpg,1
new/0829.png,old/0829.jpg,1
new/0830.png,old/0830.jpg,1
new/0831.png,old/0831.jpg,1
new/0832.png,old/0832.jpg,1
new/0833.png,old/0833.jpg,1
new/0834.png,old/0834.jpg,1
new/0835.png,old/0835.jpg,1
new/0838.png,old/0838.jpg,1
new/0839.png,old/0839.jpg,1
new/0840.png,old/0840.jpg,1
new/0841.png,old/0841.jpg,1
new/0842.png,old/0842.jpg,1
new/0843.png,old/0843.jpg,1
new/0844.png,old/0844.jpg,1
new/0845.png,old/0845.jpg,1
new/0846.png,old/0846.jpg,1
new/0847.png,old/0847.jpg,1
new/0848.png,old/0848.jpg,1
new/0849.png,old/0849.jpg,1
new/0850.png,old/0850.jpg,1
new/0851.png,old/0851.jpg,1
new/0852.png,old/0852.jpg,1
new/0853.png,old/0853.jpg,1
new/0854.png,old/0854.jpg,1
new/0855.png,old/0855.jpg,1
new/0856.png,old/0856.jpg,1
new/0857.png,old/0857.jpg,1
new/0858.png,old/0858.jpg,1
new/0859.png,old/0859.jpg,1
new/0860.png,old/0860.jpg,1
new/0861.png,old/0861.jpg,1
new/0862.png,old/0862.jpg,1
new/0863.png,old/0863.jpg,1
new/0864.png,old/0864.jpg,1
new/0865.png,old/0865.jpg,1
new/0866.png,old/0866.jpg,1
new/0867.png,old/0867.jpg,1
new/0868.png,old/0868.jpg,1
new/0869.png,old/0869.jpg,1
new/0870.png,old/0870.jpg,1
new/0871.png,old/0871.jpg,1
new/0872.png,old/0872.jpg,1
new/0873.png,old/0873.jpg,1
new/0874.png,old/0874.jpg,1
new/0875.png,old/0875.jpg,1
new/0876.png,old/0876.jpg,1
new/0877.png,old/0877.jpg,1
new/0879.png,old/0879.jpg,1
new/0880.png,old/0880.jpg,1
new/0883.png,old/0883.jpg,1
new/0884.png,old/0884.jpg,1
new/0885.png,old/0885.jpg,1
new/0886.png,old/0886.jpg,1
new/0887.png,old/0887.jpg,1
new/0888.png,old/0888.jpg,1
new/0889.png,old/0889.jpg,1
new/0890.png,old/0890.jpg,1
new/0891.png,old/0891.jpg,1
new/0892.png,old/0892.jpg,1
new/0893.png,old/0893.jpg,1
new/0894.png,old/0894.jpg,1
new/0895.png,old/0895.jpg,1
new/0896.png,old/0896.jpg,1
new/0897.png,old/0897.jpg,1
new/0898.png,old/0898.jpg,1
new/0899.png,old/0899.jpg,1
new/0900.png,old/0900.jpg,1
new/0901.png,old/0901.jpg,1
new/0902.png,old/0902.jpg,1
new/0903.png,old/0903.jpg,1
new/0904.png,old/0904.jpg,1
new/0905.png,old/0905.jpg,1
new/0907.png,old/0907.jpg,1
new/0908.png,old/0908.jpg,1
new/0909.png,old/0909.jpg,1
new/0910.png,old/0910.jpg,1
new/0911.png,old/0911.jpg,1
new/0912.png,old/0912.jpg,1
new/0913.png,old/0913.jpg,1
new/0914.png,old/0914.jpg,1
new/0915.png,old/0915.jpg,1
new/0917.png,old/0917.jpg,1
new/0918.png,old/0918.jpg,1
new/0919.png,old/0919.jpg,1
new/0920.png,old/0920.jpg,1
new/0922.png,old/0922.jpg,1
new/0923.png,old/0923.jpg,1
new/0924.png,old/0924.jpg,1
new/0925.png,old/0925.jpg,1
new/0927.png,old/0927.jpg,1
new/0928.png,old/0928.jpg,1
new/0929.png,old/0929.jpg,1
new/0930.png,old/0930.jpg,1
new/0931.png,old/0931.jpg,1
new/0932.png,old/0932.jpg,1
new/0933.png,old/0933.jpg,1
new/0934.png,old/0934.jpg,1
new/0935.png,old/0935.jpg,1
new/0936.png,old/0936.jpg,1
new/0937.png,old/0937.jpg,1
new/0938.png,old/0938.jpg,1
new/0939.png,old/0939.jpg,1
new/0940.png,old/0940.jpg,1
new/0941.png,old/0941.jpg,1
new/0942.png,old/0942.jpg,1
new/0944.png,old/0944.jpg,1
new/0945.png,old/0945.jpg,1
new/0946.png,old/0946.jpg,1
new/0947.png,old/0947.jpg,1
new/0949.png,old/0949.jpg,1
new/0950.png,old/0950.jpg,1
new/0951.png,old/0951.jpg,1
new/0952.png,old/0952.jpg,1
new/0953.png,old/0953.jpg,1
new/0954.png,old/0954.jpg,1
new/0955.png,old/0955.jpg,1
new/0956.png,old/0956.jpg,1
new/0957.png,old/0957.jpg,1
new/0958.png,old/0958.jpg,1
new/0959.png,old/0959.jpg,1
new/0960.png,old/0960.jpg,1
new/0961.png,old/0961.jpg,1
new/0962.png,old/0962.jpg,1
new/0963.png,old/0963.jpg,1
new/0964.png,old/0964.jpg,1
new/0965.png,old/0965.jpg,1
new/0966.png,old/0966.jpg,1
new/0967.png,old/0967.jpg,1
new/0968.png,old/0968.jpg,1
new/0969.png,old/0969.jpg,1
new/0970.png,old/0970.jpg,1
new/0971.png,old/0971.jpg,1
new/0972.png,old/0972.jpg,1
new/0973.png,old/0973.jpg,1
new/0975.png,old/0975.jpg,1
new/0976.png,old/0976.jpg,1
new/0977.png,old/0977.jpg,1
new/0978.png,old/0978.jpg,1
new/0979.png,old/0979.jpg,1
new/0981.png,old/0981.jpg,1
new/0982.png,old/0982.jpg,1
new/0983.png,old/0983.jpg,1
new/0984.png,old/0984.jpg,1
new/0985.png,old/0985.jpg,1
new/0986.png,old/0986.jpg,1
new/0987.png,old/0987.jpg,1
new/0988.png,old/0988.jpg,1
new/0989.png,old/0989.jpg,1
new/0990.png,old/0990.jpg,1
new/0991.png,old/0991.jpg,1
new/0992.png,old/0992.jpg,1
new/0993.png,old/0993.jpg,1
new/0994.png,old/0994.jpg,1
new/0995.png,old/0995.jpg,1
new/0996.png,old/0996.jpg,1
new/0997.png,old/0997.jpg,1
new/0998.png,old/0998.jpg,1
new/0999.png,old/0999.jpg,1
new/1000.png,old/1000.jpg,1
new/1001.png,old/1001.jpg,1
new/1003.png,old/1003.jpg,1
new/1004.png,old/1004.jpg,1
new/1005.png,old/1005.jpg,1
new/1006.png,old/1006.jpg,1
new/1007.png,old/1007.jpg,1
new/1008.png,old/1008.jpg,1
new/1009.png,old/1009.jpg,1
new/1010.png,old/1010.jpg,1
new/1011.png,old/1011.jpg,1
new/1012.png,old/1012.jpg,1
new/1013.png,old/1013.jpg,1
new/1014.png,old/1014.jpg,1
new/1015.png,old/1015.jpg,1
new/1016.png,old/1016.jpg,1
new/1017.png,old/1017.jpg,1
new/1018.png,old/1018.jpg,1
new/1019.png,old/1019.jpg,1
new/1020.png,old/1020.jpg,1
new/1021.png,old/1021.jpg,1
new/1022.png,old/1022.jpg,1
new/1023.png,old/1023.jpg,1
new/1024.png,old/1024.jpg,1
new/1025.png,old/1025.jpg,1
new/1026.png,old/1026.jpg,1
new/1027.png,old/1027.jpg,1
new/1028.png,old/1028.jpg,1
new/1029.png,old/1029.jpg,1
new/1030.png,old/1030.jpg,1
new/1031.png,old/1031.jpg,1
new/1032.png,old/1032.jpg,1
new/1033.png,old/1033.jpg,1
new/1034.png,old/1034.jpg,1
new/1035.png,old/1035.jpg,1
new/1036.png,old/1036.jpg,1
new/1037.png,old/1037.jpg,1
new/1038.png,old/1038.jpg,1
new/1039.png,old/1039.jpg,1
new/1040.png,old/1040.jpg,1
new/1041.png,old/1041.jpg,1
new/1042.png,old/1042.jpg,1
new/1044.png,old/1044.jpg,1
new/1045.png,old/1045.jpg,1
new/1046.png,old/1046.jpg,1
new/1047.png,old/1047.jpg,1
new/1048.png,old/1048.jpg,1
new/1049.png,old/1049.jpg,1
new/1050.png,old/1050.jpg,1
new/1051.png,old/1051.jpg,1
new/1052.png,old/1052.jpg,1
new/1053.png,old/1053.jpg,1
new/1054.png,old/1054.jpg,1
new/1055.png,old/1055.jpg,1
new/1056.png,old/1056.jpg,1
new/1057.png,old/1057.jpg,1
new/1058.png,old/1058.jpg,1
new/1059.png,old/1059.jpg,1
new/1060.png,old/1060.jpg,1
new/1061.png,old/1061.jpg,1
new/1062.png,old/1062.jpg,1
new/1064.png,old/1064.jpg,1
new/1065.png,old/1065.jpg,1
new/1066.png,old/1066.jpg,1
new/1067.png,old/1067.jpg,1
new/1068.png,old/1068.jpg,1
new/1069.png,old/1069.jpg,1
new/1070.png,old/1070.jpg,1
new/1071.png,old/1071.jpg,1
new/1072.png,old/1072.jpg,1
new/1073.png,old/1073.jpg,1
new/1074.png,old/1074.jpg,1
new/1075.png,old/1075.jpg,1
new/1076.png,old/1076.jpg,1
new/1077.png,old/1077.jpg,1
new/1078.png,old/1078.jpg,1
new/1079.png,old/1079.jpg,1
new/1080.png,old/1080.jpg,1
new/1081.png,old/1081.jpg,1
new/1082.png,old/1082.jpg,1
new/1083.png,old/1083.jpg,1
new/1084.png,old/1084.jpg,1
new/1085.png,old/1085.jpg,1
new/1086.png,old/1086.jpg,1
new/1087.png,old/1087.jpg,1
new/1088.png,old/1088.jpg,1
new/1089.png,old/1089.jpg,1
new/1090.png,old/1090.jpg,1
new/1091.png,old/1091.jpg,1
new/1092.png,old/1092.jpg,1
new/1093.png,old/1093.jpg,1
new/1094.png,old/1094.jpg,1
new/1095.png,old/1095.jpg,1
new/1096.png,old/1096.jpg,1
new/1097.png,old/1097.jpg,1
new/1098.png,old/1098.jpg,1
new/1099.png,old/1099.jpg,1
new/1100.png,old/1100.jpg,1
new/1101.png,old/1101.jpg,1
new/1102.png,old/1102.jpg,1
new/1103.png,old/1103.jpg,1
new/1104.png,old/1104.jpg,1
new/1105.png,old/1105.jpg,1
new/1106.png,old/1106.jpg,1
new/1107.png,old/1107.jpg,1
new/1108.png,old/1108.jpg,1
new/1109.png,old/1109.jpg,1
new/1110.png,old/1110.jpg,1
new/1111.png,old/1111.jpg,1
new/1112.png,old/1112.jpg,1
new/1113.png,old/1113.jpg,1
new/1114.png,old/1114.jpg,1
new/1115.png,old/1115.jpg,1
new/1116.png,old/1116.jpg,1
new/1117.png,old/1117.jpg,1
new/1118.png,old/1118.jpg,1
new/1119.png,old/1119.jpg,1
new/1120.png,old/1120.jpg,1
new/1121.png,old/1121.jpg,1
new/1122.png,old/1122.jpg,1
new/1123.png,old/1123.jpg,1
new/1124.png,old/1124.jpg,1
new/1125.png,old/1125.jpg,1
new/1126.png,old/1126.jpg,1
new/1127.png,old/1127.jpg,1
new/1128.png,old/1128.jpg,1
new/1129.png,old/1129.jpg,1
new/1130.png,old/1130.jpg,1
new/1131.png,old/1131.jpg,1
new/1132.png,old/1132.jpg,1
new/1133.png,old/1133.jpg,1
new/1134.png,old/1134.jpg,1
new/1135.png,old/1135.jpg,1
new/1136.png,old/1136.jpg,1
new/1137.png,old/1137.jpg,1
new/1138.png,old/1138.jpg,1
new/1139.png,old/1139.jpg,1
new/1140.png,old/1140.jpg,1
new/1141.png,old/1141.jpg,1
new/1142.png,old/1142.jpg,1
new/1143.png,old/1143.jpg,1
new/1144.png,old/1144.jpg,1
new/1145.png,old/1145.jpg,1
new/1146.png,old/1146.jpg,1
new/1147.png,old/1147.jpg,1
new/1148.png,old/1148.jpg,1
new/1150.png,old/1150.jpg,1
new/1151.png,old/1151.jpg,1
new/1152.png,old/1152.jpg,1
new/1153.png,old/1153.jpg,1
new/1154.png,old/1154.jpg,1
new/1155.png,old/1155.jpg,1
new/1156.png,old/1156.jpg,1
new/1157.png,old/1157.jpg,1
new/1158.png,old/1158.jpg,1
new/1159.png,old/1159.jpg,1
new/1160.png,old/1160.jpg,1
new/1161.png,old/1161.jpg,1
new/1162.png,old/1162.jpg,1
new/1163.png,old/1163.jpg,1
new/1164.png,old/1164.jpg,1
new/1165.png,old/1165.jpg,1
new/1166.png,old/1166.jpg,1
new/1168.png,old/1168.jpg,1
new/1169.png,old/1169.jpg,1
new/1170.png,old/1170.jpg,1
new/1171.png,old/1171.jpg,1
new/1172.png,old/1172.jpg,1
new/1173.png,old/1173.jpg,1
new/1174.png,old/1174.jpg,1
new/1175.png,old/1175.jpg,1
new/1176.png,old/1176.jpg,1
new/1177.png,old/1177.jpg,1
new/1178.png,old/1178.jpg,1
new/1179.png,old/1179.jpg,1
new/1180.png,old/1180.jpg,1
new/1181.png,old/1181.jpg,1
new/1182.png,old/1182.jpg,1
new/1183.png,old/1183.jpg,1
new/1184.png,old/1184.jpg,1
new/1185.png,old/1185.jpg,1
new/1186.png,old/1186.jpg,1
new/1187.png,old/1187.jpg,1
new/1188.png,old/1188.jpg,1
new/1189.png,old/1189.jpg,1
new/1190.png,old/1190.jpg,1
new/1191.png,old/1191.jpg,1
new/1192.png,old/1192.jpg,1
new/1193.png,old/1193.jpg,1
new/1195.png,old/1195.jpg,1
new/1197.png,old/1197.jpg,1
new/1198.png,old/1198.jpg,1
new/1199.png,old/1199.jpg,1
new/1200.png,old/1200.jpg,1
new/1201.png,old/1201.jpg,1
new/1202.png,old/1202.jpg,1
new/1203.png,old/1203.jpg,1
new/1204.png,old/1204.jpg,1
new/1206.png,old/1206.jpg,1
new/1207.png,old/1207.jpg,1
new/1208.png,old/1208.jpg,1
new/1209.png,old/1209.jpg,1
new/1210.png,old/1210.jpg,1
new/1211.png,old/1211.jpg,1
new/1212.png,old/1212.jpg,1
new/1213.png,old/1213.jpg,1
new/1214.png,old/1214.jpg,1
new/1215.png,old/1215.jpg,1
new/1217.png,old/1217.jpg,1
new/1218.png,old/1218.jpg,1
new/1219.png,old/1219.jpg,1
new/1220.png,old/1220.jpg,1
new/1221.png,old/1221.jpg,1
new/1222.png,old/1222.jpg,1
new/1223.png,old/1223.jpg,1
new/1224.png,old/1224.jpg,1
new/1225.png,old/1225.jpg,1
new/1226.png,old/1226.jpg,1
new/1227.png,old/1227.jpg,1
new/1229.png,old/1229.jpg,1
new/1230.png,old/1230.jpg,1
new/1231.png,old/1231.jpg,1
new/1232.png,old/1232.jpg,1
new/1233.png,old/1233.jpg,1
new/1234.png,old/1234.jpg,1
new/1235.png,old/1235.jpg,1
new/1236.png,old/1236.jpg,1
new/1237.png,old/1237.jpg,1
new/1238.png,old/1238.jpg,1
new/1239.png,old/1239.jpg,1
new/1240.png,old/1240.jpg,1
new/1241.png,old/1241.jpg,1
new/1242.png,old/1242.jpg,1
new/1243.png,old/1243.jpg,1
new/1244.png,old/1244.jpg,1
new/1245.png,old/1245.jpg,1
new/1246.png,old/1246.jpg,1
new/1247.png,old/1247.jpg,1
new/1248.png,old/1248.jpg,1
new/1249.png,old/1249.jpg,1
new/1250.png,old/1250.jpg,1
new/1251.png,old/1251.jpg,1
new/1253.png,old/1253.jpg,1
new/1254.png,old/1254.jpg,1
new/1255.png,old/1255.jpg,1
new/1256.png,old/1256.jpg,1
new/1257.png,old/1257.jpg,1
new/1258.png,old/1258.jpg,1
new/1260.png,old/1260.jpg,1
new/1261.png,old/1261.jpg,1
new/1262.png,old/1262.jpg,1
new/1263.png,old/1263.jpg,1
new/1264.png,old/1264.jpg,1
new/1266.png,old/1266.jpg,1
new/1267.png,old/1267.jpg,1
new/1268.png,old/1268.jpg,1
new/1269.png,old/1269.jpg,1
new/1270.png,old/1270.jpg,1
new/1271.png,old/1271.jpg,1
new/1272.png,old/1272.jpg,1
new/1273.png,old/1273.jpg,1
new/1274.png,old/1274.jpg,1
new/1275.png,old/1275.jpg,1
new/1276.png,old/1276.jpg,1
new/1277.png,old/1277.jpg,1
new/1278.png,old/1278.jpg,1
new/1279.png,old/1279.jpg,1
new/1280.png,old/1280.jpg,1
new/1281.png,old/1281.jpg,1
new/1282.png,old/1282.jpg,1
new/1283.png,old/1283.jpg,1
new/1284.png,old/1284.jpg,1
new/1285.png,old/1285.jpg,1
new/1286.png,old/1286.jpg,1
new/1287.png,old/1287.jpg,1
new/1288.png,old/1288.jpg,1
new/1289.png,old/1289.jpg,1
new/1290.png,old/1290.jpg,1
new/1292.png,old/1292.jpg,1
new/1293.png,old/1293.jpg,1
new/1294.png,old/1294.jpg,1
new/1295.png,old/1295.jpg,1
new/1296.png,old/1296.jpg,1
new/1297.png,old/1297.jpg,1
new/1298.png,old/1298.jpg,1
new/1299.png,old/1299.jpg,1
new/1300.png,old/1300.jpg,1
new/1301.png,old/1301.jpg,1
new/1303.png,old/1303.jpg,1
new/1304.png,old/1304.jpg,1
new/1305.png,old/1305.jpg,1
new/1306.png,old/1306.jpg,1
new/1307.png,old/1307.jpg,1
new/1308.png,old/1308.jpg,1
new/1309.png,old/1309.jpg,1
new/1310.png,old/1310.jpg,1
new/1311.png,old/1311.jpg,1
new/1312.png,old/1312.jpg,1
new/1313.png,old/1313.jpg,1
new/1314.png,old/1314.jpg,1
new/1315.png,old/1315.jpg,1
new/1316.png,old/1316.jpg,1
new/1317.png,old/1317.jpg,1
new/1318.png,old/1318.jpg,1
new/1319.png,old/1319.jpg,1
new/1320.png,old/1320.jpg,1
new/1321.png,old/1321.jpg,1
new/1322.png,old/1322.jpg,1
new/1323.png,old/1323.jpg,1
new/1324.png,old/1324.jpg,1
new/1325.png,old/1325.jpg,1
new/1326.png,old/1326.jpg,1
new/1327.png,old/1327.jpg,1
new/1328.png,old/1328.jpg,1
new/1329.png,old/1329.jpg,1
new/1330.png,old/1330.jpg,1
new/1331.png,old/1331.jpg,1
new/1332.png,old/1332.jpg,1
new/1333.png,old/1333.jpg,1
new/1334.png,old/1334.jpg,1
new/1335.png,old/1335.jpg,1
new/1336.png,old/1336.jpg,1
new/1337.png,old/1337.jpg,1
new/1338.png,old/1338.jpg,1
new/1339.png,old/1339.jpg,1
new/1340.png,old/1340.jpg,1
new/1341.png,old/1341.jpg,1
new/1342.png,old/1342.jpg,1
new/1343.png,old/1343.jpg,1
new/1344.png,old/1344.jpg,1
new/1345.png,old/1345.jpg,1
new/1346.png,old/1346.jpg,1
new/1347.png,old/1347.jpg,1
new/1348.png,old/1348.jpg,1
new/1349.png,old/1349.jpg,1
new/1350.png,old/1350.jpg,1
new/1351.png,old/1351.jpg,1
new/1352.png,old/1352.jpg,1
new/1353.png,old/1353.jpg,1
new/1354.png,old/1354.jpg,1
new/1355.png,old/1355.jpg,1
new/1356.png,old/1356.jpg,1
new/1357.png,old/1357.jpg,1
new/1358.png,old/1358.jpg,1
new/1359.png,old/1359.jpg,1
new/1360.png,old/1360.jpg,1
new/1361.png,old/1361.jpg,1
new/1362.png,old/1362.jpg,1
new/1363.png,old/1363.jpg,1
new/1364.png,old/1364.jpg,1
new/1365.png,old/1365.jpg,1
new/1366.png,old/1366.jpg,1
new/1367.png,old/1367.jpg,1
new/0000.png,old/1247.jpg,0
new/0001.png,old/0679.jpg,0
new/0002.png,old/0737.jpg,0
new/0003.png,old/0874.jpg,0
new/0004.png,old/0116.jpg,0
new/0005.png,old/0439.jpg,0
new/0006.png,old/0873.jpg,0
new/0007.png,old/0634.jpg,0
new/0008.png,old/0876.jpg,0
new/0009.png,old/0724.jpg,0
new/0010.png,old/0739.jpg,0
new/0011.png,old/1202.jpg,0
new/0012.png,old/1172.jpg,0
new/0013.png,old/0193.jpg,0
new/0014.png,old/1015.jpg,0
new/0015.png,old/0973.jpg,0
new/0016.png,old/1036.jpg,0
new/0017.png,old/0009.jpg,0
new/0018.png,old/0392.jpg,0
new/0019.png,old/0649.jpg,0
new/0022.png,old/1084.jpg,0
new/0024.png,old/0994.jpg,0
new/0025.png,old/0403.jpg,0
new/0026.png,old/0668.jpg,0
new/0028.png,old/0983.jpg,0
new/0029.png,old/1007.jpg,0
new/0031.png,old/1183.jpg,0
new/0032.png,old/0311.jpg,0
new/0033.png,old/0664.jpg,0
new/0035.png,old/0729.jpg,0
new/0038.png,old/0084.jpg,0
new/0039.png,old/1356.jpg,0
new/0040.png,old/0458.jpg,0
new/0042.png,old/0012.jpg,0
new/0044.png,old/1056.jpg,0
new/0045.png,old/1098.jpg,0
new/0047.png,old/0140.jpg,0
new/0049.png,old/0519.jpg,0
new/0052.png,old/0883.jpg,0
new/0058.png,old/0629.jpg,0
new/0059.png,old/0192.jpg,0
new/0060.png,old/0391.jpg,0
new/0061.png,old/0698.jpg,0
new/0062.png,old/1173.jpg,0
new/0064.png,old/0886.jpg,0
new/0065.png,old/1096.jpg,0
new/0066.png,old/0039.jpg,0
new/0067.png,old/0220.jpg,0
new/0068.png,old/0659.jpg,0
new/0069.png,old/0642.jpg,0
new/0070.png,old/0155.jpg,0
new/0072.png,old/0437.jpg,0
new/0073.png,old/0520.jpg,0
new/0074.png,old/0343.jpg,0
new/0075.png,old/1066.jpg,0
new/0076.png,old/0537.jpg,0
new/0080.png,old/1040.jpg,0
new/0081.png,old/1069.jpg,0
new/0084.png,old/1062.jpg,0
new/0085.png,old/0166.jpg,0
new/0086.png,old/0471.jpg,0
new/0088.png,old/0922.jpg,0
new/0089.png,old/1139.jpg,0
new/0091.png,old/0412.jpg,0
new/0093.png,old/0842.jpg,0
new/0094.png,old/1181.jpg,0
new/0095.png,old/0256.jpg,0
new/0096.png,old/1233.jpg,0
new/0098.png,old/0162.jpg,0
new/0099.png,old/0598.jpg,0
new/0101.png,old/1327.jpg,0
new/0103.png,old/1074.jpg,0
new/0105.png,old/0743.jpg,0
new/0106.png,old/0001.jpg,0
new/0107.png,old/0389.jpg,0
new/0108.png,old/0834.jpg,0
new/0110.png,old/0501.jpg,0
new/0111.png,old/0232.jpg,0
new/0112.png,old/1017.jpg,0
new/0113.png,old/1132.jpg,0
new/0114.png,old/0466.jpg,0
new/0115.png,old/0612.jpg,0
new/0116.png,old/0727.jpg,0
new/0117.png,old/0436.jpg,0
new/0118.png,old/0775.jpg,0
new/0119.png,old/0606.jpg,0
new/0120.png,old/0533.jpg,0
new/0122.png,old/0496.jpg,0
new/0123.png,old/0406.jpg,0
new/0124.png,old/0920.jpg,0
new/0125.png,old/0550.jpg,0
new/0126.png,old/1238.jpg,0
new/0127.png,old/0068.jpg,0
new/0128.png,old/0420.jpg,0
new/0129.png,old/0524.jpg,0
new/0130.png,old/0525.jpg,0
new/0131.png,old/1035.jpg,0
new/0132.png,old/1354.jpg,0
new/0133.png,old/0402.jpg,0
new/0134.png,old/1268.jpg,0
new/0135.png,old/1237.jpg,0
new/0136.png,old/0411.jpg,0
new/0137.png,old/1324.jpg,0
new/0138.png,old/0877.jpg,0
new/0139.png,old/0253.jpg,0
new/0140.png,old/0517.jpg,0
new/0141.png,old/0147.jpg,0
new/0142.png,old/0851.jpg,0
new/0143.png,old/0614.jpg,0
new/0144.png,old/1121.jpg,0
new/0145.png,old/1049.jpg,0
new/0146.png,old/0186.jpg,0
new/0147.png,old/1064.jpg,0
new/0148.png,old/0735.jpg,0
new/0149.png,old/0341.jpg,0
new/0150.png,old/0728.jpg,0
new/0151.png,old/0785.jpg,0
new/0152.png,old/0749.jpg,0
new/0153.png,old/0523.jpg,0
new/0154.png,old/1081.jpg,0
new/0155.png,old/0167.jpg,0
new/0156.png,old/0007.jpg,0
new/0157.png,old/0907.jpg,0
new/0159.png,old/0563.jpg,0
new/0160.png,old/0246.jpg,0
new/0161.png,old/1365.jpg,0
new/0162.png,old/0257.jpg,0
new/0163.png,old/0061.jpg,0
new/0164.png,old/0686.jpg,0
new/0165.png,old/0101.jpg,0
new/0166.png,old/1001.jpg,0
new/0167.png,old/0340.jpg,0
new/0168.png,old/0284.jpg,0
new/0169.png,old/1338.jpg,0
new/0170.png,old/1241.jpg,0
new/0171.png,old/1030.jpg,0
new/0174.png,old/0281.jpg,0
new/0175.png,old/1226.jpg,0
new/0177.png,old/1360.jpg,0
new/0178.png,old/0758.jpg,0
new/0179.png,old/0255.jpg,0
new/0180.png,old/0304.jpg,0
new/0181.png,old/0488.jpg,0
new/0182.png,old/1135.jpg,0
new/0183.png,old/0441.jpg,0
new/0184.png,old/0227.jpg,0
new/0185.png,old/0845.jpg,0
new/0186.png,old/0469.jpg,0
new/0187.png,old/1317.jpg,0
new/0188.png,old/1331.jpg,0
new/0189.png,old/1079.jpg,0
new/0192.png,old/0733.jpg,0
new/0193.png,old/0238.jpg,0
new/0194.png,old/1275.jpg,0
new/0195.png,old/1263.jpg,0
new/0196.png,old/0016.jpg,0
new/0199.png,old/1041.jpg,0
new/0200.png,old/0146.jpg,0
new/0201.png,old/1221.jpg,0
new/0202.png,old/0783.jpg,0
new/0203.png,old/1190.jpg,0
new/0204.png,old/0734.jpg,0
new/0205.png,old/0798.jpg,0
new/0206.png,old/0781.jpg,0
new/0207.png,old/0985.jpg,0
new/0208.png,old/0705.jpg,0
new/0209.png,old/0605.jpg,0
new/0210.png,old/0076.jpg,0
new/0211.png,old/1133.jpg,0
new/0212.png,old/0314.jpg,0
new/0213.png,old/0493.jpg,0
new/0215.png,old/0429.jpg,0
new/0216.png,old/0599.jpg,0
new/0217.png,old/0413.jpg,0
new/0218.png,old/0839.jpg,0
new/0220.png,old/1180.jpg,0
new/0221.png,old/0957.jpg,0
new/0222.png,old/0889.jpg,0
new/0223.png,old/0919.jpg,0
new/0224.png,old/0320.jpg,0
new/0225.png,old/0073.jpg,0
new/0226.png,old/0830.jpg,0
new/0227.png,old/0567.jpg,0
new/0228.png,old/0853.jpg,0
new/0230.png,old/0581.jpg,0
new/0231.png,old/0456.jpg,0
new/0232.png,old/0267.jpg,0
new/0233.png,old/0025.jpg,0
new/0234.png,old/1004.jpg,0
new/0235.png,old/1261.jpg,0
new/0237.png,old/0185.jpg,0
new/0238.png,old/0152.jpg,0
new/0239.png,old/0476.jpg,0
new/0240.png,old/1189.jpg,0
new/0242.png,old/0995.jpg,0
new/0243.png,old/1012.jpg,0
new/0244.png,old/1107.jpg,0
new/0246.png,old/0479.jpg,0
new/0247.png,old/0261.jpg,0
new/0248.png,old/0518.jpg,0
new/0249.png,old/1214.jpg,0
new/0250.png,old/1134.jpg,0
new/0251.png,old/1068.jpg,0
new/0252.png,old/0665.jpg,0
new/0253.png,old/0279.jpg,0
new/0254.png,old/1072.jpg,0
new/0255.png,old/0442.jpg,0
new/0256.png,old/0143.jpg,0
new/0257.png,old/0892.jpg,0
new/0259.png,old/0965.jpg,0
new/0260.png,old/0206.jpg,0
new/0261.png,old/0106.jpg,0
new/0262.png,old/1087.jpg,0
new/0263.png,old/0203.jpg,0
new/0264.png,old/1269.jpg,0
new/0266.png,old/0086.jpg,0
new/0267.png,old/0418.jpg,0
new/0268.png,old/0446.jpg,0
new/0269.png,old/0695.jpg,0
new/0270.png,old/0841.jpg,0
new/0271.png,old/1171.jpg,0
new/0272.png,old/0002.jpg,0
new/0273.png,old/0507.jpg,0
new/0274.png,old/0530.jpg,0
new/0275.png,old/0452.jpg,0
new/0276.png,old/0990.jpg,0
new/0277.png,old/0558.jpg,0
new/0278.png,old/0536.jpg,0
new/0279.png,old/0585.jpg,0
new/0281.png,old/1217.jpg,0
new/0282.png,old/0580.jpg,0
new/0283.png,old/0625.jpg,0
new/0284.png,old/0721.jpg,0
new/0285.png,old/1029.jpg,0
new/0286.png,old/0703.jpg,0
new/0287.png,old/0801.jpg,0
new/0288.png,old/1271.jpg,0
new/0289.png,old/0947.jpg,0
new/0290.png,old/0788.jpg,0
new/0291.png,old/0804.jpg,0
new/0292.png,old/1312.jpg,0
new/0293.png,old/0374.jpg,0
new/0294.png,old/0305.jpg,0
new/0295.png,old/1296.jpg,0
new/0296.png,old/0215.jpg,0
new/0297.png,old/0125.jpg,0
new/0298.png,old/1118.jpg,0
new/0299.png,old/0913.jpg,0
new/0300.png,old/1052.jpg,0
new/0301.png,old/0800.jpg,0
new/0302.png,old/0610.jpg,0
new/0303.png,old/0865.jpg,0
new/0304.png,old/0115.jpg,0
new/0305.png,old/0584.jpg,0
new/0306.png,old/1239.jpg,0
new/0307.png,old/0342.jpg,0
new/0308.png,old/0744.jpg,0
new/0309.png,old/1125.jpg,0
new/0310.png,old/0118.jpg,0
new/0311.png,old/0221.jpg,0
new/0312.png,old/1258.jpg,0
new/0313.png,old/1101.jpg,0
new/0314.png,old/1165.jpg,0
new/0315.png,old/1325.jpg,0
new/0316.png,old/0089.jpg,0
new/0317.png,old/0977.jpg,0
new/0318.png,old/0438.jpg,0
new/0319.png,old/0013.jpg,0
new/0320.png,old/1106.jpg,0
new/0321.png,old/0222.jpg,0
new/0322.png,old/0254.jpg,0
new/0323.png,old/0295.jpg,0
new/0324.png,old/1150.jpg,0
new/0326.png,old/0296.jpg,0
new/0327.png,old/0848.jpg,0
new/0328.png,old/0168.jpg,0
new/0330.png,old/0786.jpg,0
new/0331.png,old/0769.jpg,0
new/0332.png,old/0717.jpg,0
new/0333.png,old/1110.jpg,0
new/0335.png,old/0757.jpg,0
new/0336.png,old/0617.jpg,0
new/0337.png,old/1108.jpg,0
new/0338.png,old/0825.jpg,0
new/0339.png,old/0216.jpg,0
new/0340.png,old/1224.jpg,0
new/0341.png,old/0791.jpg,0
new/0342.png,old/0534.jpg,0
new/0343.png,old/0572.jpg,0
new/0344.png,old/0111.jpg,0
new/0345.png,old/0127.jpg,0
new/0346.png,old/0601.jpg,0
new/0347.png,old/1022.jpg,0
new/0348.png,old/1130.jpg,0
new/0349.png,old/1361.jpg,0
new/0350.png,old/0075.jpg,0
new/0351.png,old/1045.jpg,0
new/0353.png,old/0463.jpg,0
new/0354.png,old/0570.jpg,0
new/0355.png,old/0896.jpg,0
new/0356.png,old/0778.jpg,0
new/0357.png,old/0019.jpg,0
new/0358.png,old/0831.jpg,0
new/0359.png,old/0000.jpg,0
new/0360.png,old/1170.jpg,0
new/0361.png,old/0151.jpg,0
new/0363.png,old/0274.jpg,0
new/0364.png,old/1323.jpg,0
new/0365.png,old/0513.jpg,0
new/0366.png,old/1077.jpg,0
new/0368.png,old/0875.jpg,0
new/0369.png,old/0914.jpg,0
new/0370.png,old/0713.jpg,0
new/0371.png,old/1097.jpg,0
new/0372.png,old/1090.jpg,0
new/0373.png,old/0161.jpg,0
new/0374.png,old/1112.jpg,0
new/0375.png,old/1266.jpg,0
new/0378.png,old/1334.jpg,0
new/0379.png,old/0188.jpg,0
new/0380.png,old/0516.jpg,0
new/0381.png,old/0667.jpg,0
new/0382.png,old/0910.jpg,0
new/0383.png,old/0747.jpg,0
new/0384.png,old/0555.jpg,0
new/0385.png,old/0911.jpg,0
new/0386.png,old/1105.jpg,0
new/0388.png,old/0004.jpg,0
new/0389.png,old/0600.jpg,0
new/0390.png,old/1319.jpg,0
new/0391.png,old/0823.jpg,0
new/0392.png,old/1303.jpg,0
new/0393.png,old/0986.jpg,0
new/0394.png,old/0472.jpg,0
new/0395.png,old/1339.jpg,0
new/0396.png,old/0038.jpg,0
new/0400.png,old/0337.jpg,0
new/0401.png,old/0233.jpg,0
new/0402.png,old/0270.jpg,0
new/0403.png,old/0619.jpg,0
new/0404.png,old/1151.jpg,0
new/0405.png,old/0636.jpg,0
new/0406.png,old/1104.jpg,0
new/0407.png,old/1188.jpg,0
new/0408.png,old/0450.jpg,0
new/0409.png,old/0968.jpg,0
new/0410.png,old/0972.jpg,0
new/0411.png,old/1088.jpg,0
new/0412.png,old/0674.jpg,0
new/0413.png,old/1146.jpg,0
new/0415.png,old/1215.jpg,0
new/0416.png,old/0857.jpg,0
new/0417.png,old/0044.jpg,0
new/0418.png,old/0915.jpg,0
new/0419.png,old/0697.jpg,0
new/0420.png,old/0938.jpg,0
new/0421.png,old/0624.jpg,0
new/0422.png,old/1243.jpg,0
new/0423.png,old/0844.jpg,0
new/0424.png,old/0966.jpg,0
new/0425.png,old/0638.jpg,0
new/0426.png,old/1206.jpg,0
new/0427.png,old/0575.jpg,0
new/0428.png,old/0137.jpg,0
new/0429.png,old/0383.jpg,0
new/0433.png,old/1366.jpg,0
new/0435.png,old/0322.jpg,0
new/0436.png,old/0201.jpg,0
new/0437.png,old/1236.jpg,0
new/0438.png,old/0485.jpg,0
new/0439.png,old/0390.jpg,0
new/0440.png,old/0716.jpg,0
new/0441.png,old/0247.jpg,0
new/0442.png,old/0148.jpg,0
new/0443.png,old/0923.jpg,0
new/0444.png,old/1246.jpg,0
new/0445.png,old/0072.jpg,0
new/0446.png,old/0560.jpg,0
new/0449.png,old/1178.jpg,0
new/0450.png,old/1060.jpg,0
new/0451.png,old/1147.jpg,0
new/0452.png,old/0771.jpg,0
new/0453.png,old/0478.jpg,0
new/0454.png,old/0849.jpg,0
new/0455.png,old/1129.jpg,0
new/0456.png,old/0498.jpg,0
new/0458.png,old/0528.jpg,0
new/0461.png,old/1307.jpg,0
new/0462.png,old/0165.jpg,0
new/0463.png,old/0731.jpg,0
new/0465.png,old/0494.jpg,0
new/0466.png,old/0762.jpg,0
new/0467.png,old/0136.jpg,0
new/0468.png,old/0011.jpg,0
new/0469.png,old/0898.jpg,0
new/0470.png,old/0358.jpg,0
new/0471.png,old/1231.jpg,0
new/0472.png,old/0709.jpg,0
new/0473.png,old/0070.jpg,0
new/0476.png,old/0302.jpg,0
new/0477.png,old/0252.jpg,0
new/0478.png,old/0927.jpg,0
new/0479.png,old/1276.jpg,0
new/0480.png,old/1272.jpg,0
new/0481.png,old/1073.jpg,0
new/0482.png,old/0179.jpg,0
new/0483.png,old/0835.jpg,0
new/0484.png,old/0969.jpg,0
new/0485.png,old/0593.jpg,0
new/0486.png,old/0997.jpg,0
new/0487.png,old/0069.jpg,0
new/0488.png,old/0074.jpg,0
new/0490.png,old/0486.jpg,0
new/0491.png,old/0384.jpg,0
new/0492.png,old/1158.jpg,0
new/0493.png,old/0941.jpg,0
new/0494.png,old/1207.jpg,0
new/0495.png,old/0419.jpg,0
new/0496.png,old/0468.jpg,0
new/0498.png,old/0822.jpg,0
new/0499.png,old/1027.jpg,0
new/0500.png,old/1075.jpg,0
new/0501.png,old/0164.jpg,0
new/0502.png,old/0266.jpg,0
new/0503.png,old/0018.jpg,0
new/0504.png,old/0251.jpg,0
new/0506.png,old/0794.jpg,0
new/0507.png,old/1343.jpg,0
new/0508.png,old/0861.jpg,0
new/0509.png,old/0633.jpg,0
new/0510.png,old/0682.jpg,0
new/0511.png,old/0243.jpg,0
new/0512.png,old/0641.jpg,0
new/0513.png,old/0287.jpg,0
new/0514.png,old/1120.jpg,0
new/0515.png,old/0008.jpg,0
new/0516.png,old/0620.jpg,0
new/0517.png,old/0542.jpg,0
new/0518.png,old/0953.jpg,0
new/0519.png,old/0979.jpg,0
new/0520.png,old/0297.jpg,0
new/0521.png,old/0676.jpg,0
new/0522.png,old/1225.jpg,0
new/0523.png,old/0138.jpg,0
new/0524.png,old/0643.jpg,0
new/0525.png,old/1264.jpg,0
new/0526.png,old/0482.jpg,0
new/0527.png,old/0327.jpg,0
new/0528.png,old/0306.jpg,0
new/0530.png,old/0543.jpg,0
new/0531.png,old/0491.jpg,0
new/0532.png,old/0308.jpg,0
new/0533.png,old/1309.jpg,0
new/0534.png,old/1138.jpg,0
new/0535.png,old/1200.jpg,0
new/0536.png,old/0506.jpg,0
new/0537.png,old/0117.jpg,0
new/0538.png,old/1355.jpg,0
new/0540.png,old/0684.jpg,0
new/0541.png,old/0354.jpg,0
new/0542.png,old/0178.jpg,0
new/0543.png,old/0006.jpg,0
new/0544.png,old/1153.jpg,0
new/0545.png,old/0955.jpg,0
new/0546.png,old/1292.jpg,0
new/0548.png,old/0645.jpg,0
new/0550.png,old/0750.jpg,0
new/0551.png,old/0180.jpg,0
new/0553.png,old/0930.jpg,0
new/0554.png,old/0081.jpg,0
new/0555.png,old/0546.jpg,0
new/0556.png,old/0123.jpg,0
new/0557.png,old/0324.jpg,0
new/0558.png,old/0622.jpg,0
new/0559.png,old/1114.jpg,0
new/0560.png,old/0467.jpg,0
new/0562.png,old/0897.jpg,0
new/0563.png,old/0970.jpg,0
new/0565.png,old/0003.jpg,0
new/0566.png,old/1053.jpg,0
new/0567.png,old/0753.jpg,0
new/0568.png,old/0129.jpg,0
new/0569.png,old/0244.jpg,0
new/0570.png,old/1128.jpg,0
new/0571.png,old/0929.jpg,0
new/0572.png,old/0315.jpg,0
new/0573.png,old/0824.jpg,0
new/0574.png,old/0323.jpg,0
new/0575.png,old/0435.jpg,0
new/0576.png,old/1220.jpg,0
new/0577.png,old/0130.jpg,0
new/0578.png,old/0093.jpg,0
new/0579.png,old/0228.jpg,0
new/0580.png,old/0951.jpg,0
new/0581.png,old/0196.jpg,0
new/0582.png,old/1198.jpg,0
new/0583.png,old/1364.jpg,0
new/0584.png,old/0453.jpg,0
new/0585.png,old/1061.jpg,0
new/0588.png,old/0382.jpg,0
new/0589.png,old/0096.jpg,0
new/0590.png,old/1260.jpg,0
new/0591.png,old/1227.jpg,0
new/0592.png,old/1281.jpg,0
new/0593.png,old/1050.jpg,0
new/0594.png,old/0444.jpg,0
new/0595.png,old/0502.jpg,0
new/0596.png,old/1209.jpg,0
new/0597.png,old/1294.jpg,0
new/0598.png,old/0461.jpg,0
new/0599.png,old/0225.jpg,0
new/0600.png,old/0200.jpg,0
new/0601.png,old/0344.jpg,0
new/0602.png,old/0495.jpg,0
new/0603.png,old/1346.jpg,0
new/0604.png,old/0651.jpg,0
new/0605.png,old/0931.jpg,0
new/0606.png,old/1168.jpg,0
new/0609.png,old/0423.jpg,0
new/0610.png,old/0240.jpg,0
new/0611.png,old/0492.jpg,0
new/0612.png,old/1020.jpg,0
new/0613.png,old/1242.jpg,0
new/0614.png,old/1256.jpg,0
new/0615.png,old/0565.jpg,0
new/0616.png,old/0777.jpg,0
new/0617.png,old/1156.jpg,0
new/0618.png,old/1300.jpg,0
new/0619.png,old/0307.jpg,0
new/0620.png,old/0960.jpg,0
new/0621.png,old/0330.jpg,0
new/0622.png,old/0632.jpg,0
new/0623.png,old/0618.jpg,0
new/0624.png,old/0278.jpg,0
new/0625.png,old/0594.jpg,0
new/0626.png,old/0646.jpg,0
new/0627.png,old/1078.jpg,0
new/0628.png,old/1273.jpg,0
new/0629.png,old/0806.jpg,0
new/0630.png,old/0551.jpg,0
new/0632.png,old/0967.jpg,0
new/0633.png,old/0792.jpg,0
new/0634.png,old/0066.jpg,0
new/0635.png,old/1232.jpg,0
new/0636.png,old/1131.jpg,0
new/0637.png,old/0730.jpg,0
new/0638.png,old/0047.jpg,0
new/0639.png,old/0971.jpg,0
new/0640.png,old/0059.jpg,0
new/0641.png,old/1204.jpg,0
new/0642.png,old/0807.jpg,0
new/0643.png,old/0112.jpg,0
new/0644.png,old/1000.jpg,0
new/0645.png,old/0949.jpg,0
new/0646.png,old/1193.jpg,0
new/0647.png,old/0748.jpg,0
new/0648.png,old/1195.jpg,0
new/0649.png,old/0060.jpg,0
new/0650.png,old/1109.jpg,0
new/0651.png,old/0098.jpg,0
new/0652.png,old/0538.jpg,0
new/0653.png,old/0094.jpg,0
new/0654.png,old/0945.jpg,0
new/0655.png,old/0298.jpg,0
new/0656.png,old/0936.jpg,0
new/0657.png,old/0301.jpg,0
new/0658.png,old/0702.jpg,0
new/0659.png,old/0868.jpg,0
new/0660.png,old/1298.jpg,0
new/0661.png,old/0332.jpg,0
new/0662.png,old/0462.jpg,0
new/0663.png,old/0385.jpg,0
new/0664.png,old/0062.jpg,0
new/0665.png,old/0811.jpg,0
new/0666.png,old/1328.jpg,0
new/0667.png,old/0933.jpg,0
new/0668.png,old/0159.jpg,0
new/0669.png,old/0895.jpg,0
new/0670.png,old/0522.jpg,0
new/0671.png,old/0269.jpg,0
new/0672.png,old/0789.jpg,0
new/0673.png,old/0884.jpg,0
new/0674.png,old/0317.jpg,0
new/0675.png,old/0290.jpg,0
new/0676.png,old/0562.jpg,0
new/0677.png,old/0318.jpg,0
new/0678.png,old/1315.jpg,0
new/0679.png,old/0766.jpg,0
new/0680.png,old/0285.jpg,0
new/0681.png,old/1280.jpg,0
new/0682.png,old/1025.jpg,0
new/0683.png,old/0199.jpg,0
new/0684.png,old/0993.jpg,0
new/0685.png,old/0648.jpg,0
new/0686.png,old/1024.jpg,0
new/0687.png,old/1320.jpg,0
new/0688.png,old/0662.jpg,0
new/0689.png,old/0708.jpg,0
new/0690.png,old/0181.jpg,0
new/0691.png,old/0144.jpg,0
new/0692.png,old/0840.jpg,0
new/0693.png,old/1003.jpg,0
new/0695.png,old/0386.jpg,0
new/0696.png,old/0650.jpg,0
new/0697.png,old/0639.jpg,0
new/0698.png,old/0828.jpg,0
new/0699.png,old/0685.jpg,0
new/0701.png,old/0202.jpg,0
new/0702.png,old/1163.jpg,0
new/0703.png,old/0981.jpg,0
new/0704.png,old/1166.jpg,0
new/0705.png,old/1044.jpg,0
new/0706.png,old/0371.jpg,0
new/0707.png,old/0234.jpg,0
new/0708.png,old/1288.jpg,0
new/0709.png,old/1048.jpg,0
new/0710.png,old/1031.jpg,0
new/0711.png,old/0880.jpg,0
new/0712.png,old/0843.jpg,0
new/0713.png,old/0904.jpg,0
new/0714.png,old/0527.jpg,0
new/0715.png,old/1245.jpg,0
new/0716.png,old/0017.jpg,0
new/0717.png,old/0230.jpg,0
new/0718.png,old/0237.jpg,0
new/0720.png,old/1095.jpg,0
new/0721.png,old/1038.jpg,0
new/0722.png,old/1192.jpg,0
new/0724.png,old/0404.jpg,0
new/0725.png,old/0908.jpg,0
new/0726.png,old/0746.jpg,0
new/0727.png,old/1124.jpg,0
new/0728.png,old/1177.jpg,0
new/0729.png,old/1018.jpg,0
new/0730.png,old/1342.jpg,0
new/0731.png,old/0742.jpg,0
new/0732.png,old/0693.jpg,0
new/0733.png,old/0099.jpg,0
new/0734.png,old/0592.jpg,0
new/0735.png,old/1199.jpg,0
new/0736.png,old/1187.jpg,0
new/0737.png,old/0504.jpg,0
new/0738.png,old/0975.jpg,0
new/0739.png,old/0611.jpg,0
new/0740.png,old/0658.jpg,0
new/0742.png,old/0647.jpg,0
new/0743.png,old/0309.jpg,0
new/0744.png,old/0175.jpg,0
new/0745.png,old/0500.jpg,0
new/0746.png,old/1306.jpg,0
new/0747.png,old/0113.jpg,0
new/0748.png,old/0797.jpg,0
new/0749.png,old/0049.jpg,0
new/0750.png,old/0609.jpg,0
new/0751.png,old/1299.jpg,0
new/0753.png,old/1322.jpg,0
new/0757.png,old/0776.jpg,0
new/0758.png,old/0706.jpg,0
new/0759.png,old/0401.jpg,0
new/0760.png,old/0996.jpg,0
new/0761.png,old/0268.jpg,0
new/0762.png,old/0107.jpg,0
new/0763.png,old/0310.jpg,0
new/0764.png,old/0999.jpg,0
new/0765.png,old/0725.jpg,0
new/0766.png,old/1219.jpg,0
new/0767.png,old/0613.jpg,0
new/0768.png,old/0615.jpg,0
new/0769.png,old/0939.jpg,0
new/0770.png,old/1086.jpg,0
new/0771.png,old/0289.jpg,0
new/0772.png,old/0157.jpg,0
new/0773.png,old/0626.jpg,0
new/0774.png,old/1282.jpg,0
new/0775.png,old/0815.jpg,0
new/0776.png,old/0589.jpg,0
new/0777.png,old/1248.jpg,0
new/0778.png,old/1143.jpg,0
new/0780.png,old/0893.jpg,0
new/0781.png,old/1353.jpg,0
new/0783.png,old/0364.jpg,0
new/0784.png,old/0449.jpg,0
new/0785.png,old/0208.jpg,0
new/0786.png,old/0293.jpg,0
new/0788.png,old/1093.jpg,0
new/0789.png,old/0194.jpg,0
new/0791.png,old/1028.jpg,0
new/0792.png,old/0946.jpg,0
new/0793.png,old/0858.jpg,0
new/0794.png,old/0566.jpg,0
new/0795.png,old/1005.jpg,0
new/0796.png,old/0338.jpg,0
new/0797.png,old/0621.jpg,0
new/0798.png,old/0963.jpg,0
new/0799.png,old/1123.jpg,0
new/0800.png,old/0361.jpg,0
new/0801.png,old/0026.jpg,0
new/0802.png,old/0879.jpg,0
new/0803.png,old/0959.jpg,0
new/0804.png,old/0661.jpg,0
new/0806.png,old/0260.jpg,0
new/0807.png,old/0355.jpg,0
new/0808.png,old/0339.jpg,0
new/0811.png,old/0408.jpg,0
new/0812.png,old/1175.jpg,0
new/0813.png,old/0671.jpg,0
new/0814.png,old/1314.jpg,0
new/0815.png,old/0940.jpg,0
new/0816.png,old/0751.jpg,0
new/0817.png,old/1119.jpg,0
new/0818.png,old/0128.jpg,0
new/0819.png,old/1186.jpg,0
new/0821.png,old/0119.jpg,0
new/0822.png,old/0628.jpg,0
new/0823.png,old/0718.jpg,0
new/0824.png,old/0033.jpg,0
new/0825.png,old/0122.jpg,0
new/0826.png,old/1349.jpg,0
new/0827.png,old/0934.jpg,0
new/0828.png,old/0029.jpg,0
new/0829.png,old/1295.jpg,0
new/0830.png,old/0126.jpg,0
new/0831.png,old/0722.jpg,0
new/0832.png,old/0829.jpg,0
new/0833.png,old/0024.jpg,0
new/0834.png,old/0819.jpg,0
new/0835.png,old/0277.jpg,0
new/0838.png,old/0239.jpg,0
new/0839.png,old/0095.jpg,0
new/0840.png,old/0218.jpg,0
new/0841.png,old/0428.jpg,0
new/0842.png,old/1230.jpg,0
new/0843.png,old/1211.jpg,0
new/0844.png,old/1293.jpg,0
new/0845.png,old/0405.jpg,0
new/0846.png,old/0512.jpg,0
new/0847.png,old/0331.jpg,0
new/0848.png,old/0209.jpg,0
new/0849.png,old/0998.jpg,0
new/0850.png,old/0763.jpg,0
new/0851.png,old/0235.jpg,0
new/0852.png,old/1348.jpg,0
new/0853.png,old/0242.jpg,0
new/0854.png,old/0784.jpg,0
new/0855.png,old/1284.jpg,0
new/0856.png,old/0635.jpg,0
new/0857.png,old/1116.jpg,0
new/0858.png,old/0262.jpg,0
new/0859.png,old/0490.jpg,0
new/0860.png,old/1019.jpg,0
new/0861.png,old/0579.jpg,0
new/0862.png,old/0652.jpg,0
new/0863.png,old/1201.jpg,0
new/0864.png,old/1059.jpg,0
new/0865.png,old/0852.jpg,0
new/0866.png,old/0321.jpg,0
new/0867.png,old/0872.jpg,0
new/0868.png,old/1010.jpg,0
new/0869.png,old/0231.jpg,0
new/0870.png,old/0590.jpg,0
new/0871.png,old/0578.jpg,0
new/0872.png,old/0028.jpg,0
new/0873.png,old/1244.jpg,0
new/0874.png,old/0410.jpg,0
new/0875.png,old/0145.jpg,0
new/0876.png,old/0316.jpg,0
new/0877.png,old/0544.jpg,0
new/0879.png,old/1152.jpg,0
new/0880.png,old/1289.jpg,0
new/0883.png,old/0005.jpg,0
new/0884.png,old/0554.jpg,0
new/0885.png,old/0991.jpg,0
new/0886.png,old/1160.jpg,0
new/0887.png,old/0480.jpg,0
new/0888.png,old/1311.jpg,0
new/0889.png,old/0328.jpg,0
new/0890.png,old/0556.jpg,0
new/0891.png,old/0887.jpg,0
new/0892.png,old/1333.jpg,0
new/0893.png,old/0759.jpg,0
new/0894.png,old/0687.jpg,0
new/0895.png,old/0210.jpg,0
new/0896.png,old/0487.jpg,0
new/0897.png,old/1321.jpg,0
new/0898.png,old/1367.jpg,0
new/0899.png,old/0195.jpg,0
new/0900.png,old/0859.jpg,0
new/0901.png,old/0275.jpg,0
new/0902.png,old/1076.jpg,0
new/0903.png,old/0720.jpg,0
new/0904.png,old/1223.jpg,0
new/0905.png,old/1229.jpg,0
new/0907.png,old/0499.jpg,0
new/0908.png,old/0114.jpg,0
new/0909.png,old/1253.jpg,0
new/0910.png,old/0574.jpg,0
new/0911.png,old/0182.jpg,0
new/0912.png,old/0692.jpg,0
new/0913.png,old/0473.jpg,0
new/0914.png,old/1267.jpg,0
new/0915.png,old/0796.jpg,0
new/0917.png,old/0224.jpg,0
new/0918.png,old/0738.jpg,0
new/0919.png,old/0091.jpg,0
new/0920.png,old/0108.jpg,0
new/0922.png,old/0396.jpg,0
new/0923.png,old/0681.jpg,0
new/0924.png,old/0335.jpg,0
new/0925.png,old/1358.jpg,0
new/0927.png,old/1011.jpg,0
new/0928.png,old/1039.jpg,0
new/0929.png,old/1257.jpg,0
new/0930.png,old/0901.jpg,0
new/0931.png,old/0553.jpg,0
new/0932.png,old/1340.jpg,0
new/0933.png,old/0064.jpg,0
new/0934.png,old/1057.jpg,0
new/0935.png,old/0153.jpg,0
new/0936.png,old/0691.jpg,0
new/0937.png,old/1255.jpg,0
new/0938.png,old/0669.jpg,0
new/0939.png,old/1277.jpg,0
new/0940.png,old/0862.jpg,0
new/0941.png,old/1047.jpg,0
new/0942.png,old/0110.jpg,0
new/0944.png,old/0559.jpg,0
new/0945.png,old/0031.jpg,0
new/0946.png,old/0869.jpg,0
new/0947.png,old/0736.jpg,0
new/0949.png,old/0568.jpg,0
new/0950.png,old/0481.jpg,0
new/0951.png,old/0532.jpg,0
new/0952.png,old/1164.jpg,0
new/0953.png,old/1351.jpg,0
new/0954.png,old/0535.jpg,0
new/0955.png,old/0400.jpg,0
new/0956.png,old/1102.jpg,0
new/0957.png,old/0465.jpg,0
new/0958.png,old/0569.jpg,0
new/0959.png,old/0850.jpg,0
new/0960.png,old/0417.jpg,0
new/0961.png,old/0426.jpg,0
new/0962.png,old/1092.jpg,0
new/0963.png,old/0987.jpg,0
new/0964.png,old/1251.jpg,0
new/0965.png,old/0103.jpg,0
new/0966.png,old/1070.jpg,0
new/0967.png,old/0526.jpg,0
new/0968.png,old/0415.jpg,0
new/0969.png,old/0988.jpg,0
new/0970.png,old/0888.jpg,0
new/0971.png,old/0223.jpg,0
new/0972.png,old/0707.jpg,0
new/0973.png,old/0770.jpg,0
new/0975.png,old/1071.jpg,0
new/0976.png,old/0290.jpg,0
new/0977.png,old/1126.jpg,0
new/0978.png,old/0292.jpg,0
new/0979.png,old/1099.jpg,0
new/0981.png,old/0445.jpg,0
new/0982.png,old/1274.jpg,0
new/0983.png,old/0961.jpg,0
new/0984.png,old/1142.jpg,0
new/0985.png,old/0132.jpg,0
new/0986.png,old/1006.jpg,0
new/0987.png,old/1009.jpg,0
new/0988.png,old/0174.jpg,0
new/0989.png,old/0131.jpg,0
new/0990.png,old/1169.jpg,0
new/0991.png,old/0171.jpg,0
new/0992.png,old/0767.jpg,0
new/0993.png,old/1042.jpg,0
new/0994.png,old/1357.jpg,0
new/0995.png,old/0604.jpg,0
new/0996.png,old/1176.jpg,0
new/0997.png,old/0394.jpg,0
new/0998.png,old/1137.jpg,0
new/0999.png,old/0689.jpg,0
new/1000.png,old/1330.jpg,0
new/1001.png,old/0319.jpg,0
new/1003.png,old/0142.jpg,0
new/1004.png,old/0388.jpg,0
new/1005.png,old/0817.jpg,0
new/1006.png,old/0660.jpg,0
new/1007.png,old/0369.jpg,0
new/1008.png,old/1174.jpg,0
new/1009.png,old/0510.jpg,0
new/1010.png,old/0514.jpg,0
new/1011.png,old/0937.jpg,0
new/1012.png,old/0370.jpg,0
new/1013.png,old/1046.jpg,0
new/1014.png,old/0169.jpg,0
new/1015.png,old/0067.jpg,0
new/1016.png,old/1014.jpg,0
new/1017.png,old/1336.jpg,0
new/1018.png,old/1270.jpg,0
new/1019.png,old/0154.jpg,0
new/1020.png,old/0808.jpg,0
new/1021.png,old/0139.jpg,0
new/1022.png,old/0541.jpg,0
new/1023.png,old/1089.jpg,0
new/1024.png,old/1082.jpg,0
new/1025.png,old/0170.jpg,0
new/1026.png,old/0696.jpg,0
new/1027.png,old/1080.jpg,0
new/1028.png,old/0833.jpg,0
new/1029.png,old/0978.jpg,0
new/1030.png,old/0768.jpg,0
new/1031.png,old/0425.jpg,0
new/1032.png,old/0156.jpg,0
new/1033.png,old/1301.jpg,0
new/1034.png,old/1111.jpg,0
new/1035.png,old/0294.jpg,0
new/1036.png,old/1154.jpg,0
new/1037.png,old/0925.jpg,0
new/1038.png,old/0248.jpg,0
new/1039.png,old/1283.jpg,0
new/1040.png,old/0654.jpg,0
new/1041.png,old/1185.jpg,0
new/1042.png,old/1208.jpg,0
new/1044.png,old/0816.jpg,0
new/1045.png,old/1213.jpg,0
new/1046.png,old/1122.jpg,0
new/1047.png,old/0333.jpg,0
new/1048.png,old/0088.jpg,0
new/1049.png,old/0484.jpg,0
new/1050.png,old/0470.jpg,0
new/1051.png,old/0363.jpg,0
new/1052.png,old/0903.jpg,0
new/1053.png,old/0207.jpg,0
new/1054.png,old/1100.jpg,0
new/1055.png,old/1344.jpg,0
new/1056.png,old/0890.jpg,0
new/1057.png,old/0577.jpg,0
new/1058.png,old/0372.jpg,0
new/1059.png,old/0557.jpg,0
new/1060.png,old/0774.jpg,0
new/1061.png,old/0675.jpg,0
new/1062.png,old/0956.jpg,0
new/1064.png,old/0133.jpg,0
new/1065.png,old/1297.jpg,0
new/1066.png,old/1222.jpg,0
new/1067.png,old/0351.jpg,0
new/1068.png,old/0015.jpg,0
new/1069.png,old/0105.jpg,0
new/1070.png,old/0772.jpg,0
new/1071.png,old/0821.jpg,0
new/1072.png,old/1240.jpg,0
new/1073.png,old/0149.jpg,0
new/1074.png,old/0348.jpg,0
new/1075.png,old/1210.jpg,0
new/1076.png,old/0421.jpg,0
new/1077.png,old/0455.jpg,0
new/1078.png,old/0545.jpg,0
new/1079.png,old/0657.jpg,0
new/1080.png,old/0184.jpg,0
new/1081.png,old/0576.jpg,0
new/1082.png,old/0699.jpg,0
new/1083.png,old/0726.jpg,0
new/1084.png,old/1034.jpg,0
new/1085.png,old/0416.jpg,0
new/1086.png,old/0250.jpg,0
new/1087.png,old/1021.jpg,0
new/1088.png,old/0745.jpg,0
new/1089.png,old/1279.jpg,0
new/1090.png,old/0596.jpg,0
new/1091.png,old/1159.jpg,0
new/1092.png,old/0205.jpg,0
new/1093.png,old/0177.jpg,0
new/1094.png,old/0350.jpg,0
new/1095.png,old/0992.jpg,0
new/1096.png,old/0085.jpg,0
new/1097.png,old/0014.jpg,0
new/1098.png,old/0212.jpg,0
new/1099.png,old/1148.jpg,0
new/1100.png,old/0954.jpg,0
new/1101.png,old/0760.jpg,0
new/1102.png,old/0640.jpg,0
new/1103.png,old/0740.jpg,0
new/1104.png,old/1363.jpg,0
new/1105.png,old/1113.jpg,0
new/1106.png,old/0263.jpg,0
new/1107.png,old/0226.jpg,0
new/1108.png,old/0451.jpg,0
new/1109.png,old/0288.jpg,0
new/1110.png,old/0477.jpg,0
new/1111.png,old/0885.jpg,0
new/1112.png,old/0135.jpg,0
new/1113.png,old/0336.jpg,0
new/1114.png,old/0380.jpg,0
new/1115.png,old/0375.jpg,0
new/1116.png,old/1262.jpg,0
new/1117.png,old/0378.jpg,0
new/1118.png,old/0802.jpg,0
new/1119.png,old/1054.jpg,0
new/1120.png,old/0871.jpg,0
new/1121.png,old/0623.jpg,0
new/1122.png,old/1310.jpg,0
new/1123.png,old/1144.jpg,0
new/1124.png,old/0347.jpg,0
new/1125.png,old/0984.jpg,0
new/1126.png,old/0424.jpg,0
new/1127.png,old/1362.jpg,0
new/1128.png,old/1136.jpg,0
new/1129.png,old/0656.jpg,0
new/1130.png,old/0595.jpg,0
new/1131.png,old/0663.jpg,0
new/1132.png,old/0272.jpg,0
new/1133.png,old/0710.jpg,0
new/1134.png,old/0040.jpg,0
new/1135.png,old/1287.jpg,0
new/1136.png,old/0373.jpg,0
new/1137.png,old/0863.jpg,0
new/1138.png,old/0814.jpg,0
new/1139.png,old/0855.jpg,0
new/1140.png,old/1326.jpg,0
new/1141.png,old/0065.jpg,0
new/1142.png,old/0680.jpg,0
new/1143.png,old/1318.jpg,0
new/1144.png,old/0150.jpg,0
new/1145.png,old/0905.jpg,0
new/1146.png,old/0345.jpg,0
new/1147.png,old/0357.jpg,0
new/1148.png,old/0795.jpg,0
new/1150.png,old/1350.jpg,0
new/1151.png,old/1127.jpg,0
new/1152.png,old/0300.jpg,0
new/1153.png,old/0042.jpg,0
new/1154.png,old/1033.jpg,0
new/1155.png,old/0764.jpg,0
new/1156.png,old/0035.jpg,0
new/1157.png,old/0864.jpg,0
new/1158.png,old/0917.jpg,0
new/1159.png,old/0213.jpg,0
new/1160.png,old/0521.jpg,0
new/1161.png,old/1162.jpg,0
new/1162.png,old/1316.jpg,0
new/1163.png,old/1341.jpg,0
new/1164.png,old/0583.jpg,0
new/1165.png,old/0381.jpg,0
new/1166.png,old/0503.jpg,0
new/1168.png,old/0950.jpg,0
new/1169.png,old/0080.jpg,0
new/1170.png,old/1103.jpg,0
new/1171.png,old/0773.jpg,0
new/1172.png,old/0571.jpg,0
new/1173.png,old/1329.jpg,0
new/1174.png,old/0313.jpg,0
new/1175.png,old/0217.jpg,0
new/1176.png,old/0395.jpg,0
new/1177.png,old/0483.jpg,0
new/1178.png,old/0189.jpg,0
new/1179.png,old/1013.jpg,0
new/1180.png,old/1155.jpg,0
new/1181.png,old/0860.jpg,0
new/1182.png,old/0591.jpg,0
new/1183.png,old/1345.jpg,0
new/1184.png,old/1145.jpg,0
new/1185.png,old/0942.jpg,0
new/1186.png,old/0346.jpg,0
new/1187.png,old/0673.jpg,0
new/1188.png,old/0443.jpg,0
new/1189.png,old/0637.jpg,0
new/1190.png,old/0832.jpg,0
new/1191.png,old/0677.jpg,0
new/1192.png,old/0052.jpg,0
new/1193.png,old/0891.jpg,0
new/1195.png,old/0349.jpg,0
new/1197.png,old/0409.jpg,0
new/1198.png,old/0870.jpg,0
new/1199.png,old/0511.jpg,0
new/1200.png,old/0765.jpg,0
new/1201.png,old/0952.jpg,0
new/1202.png,old/0286.jpg,0
new/1203.png,old/0989.jpg,0
new/1204.png,old/0602.jpg,0
new/1206.png,old/0359.jpg,0
new/1207.png,old/1203.jpg,0
new/1208.png,old/1008.jpg,0
new/1209.png,old/0211.jpg,0
new/1210.png,old/0944.jpg,0
new/1211.png,old/1094.jpg,0
new/1212.png,old/0058.jpg,0
new/1213.png,old/0134.jpg,0
new/1214.png,old/1359.jpg,0
new/1215.png,old/0271.jpg,0
new/1217.png,old/0932.jpg,0
new/1218.png,old/0045.jpg,0
new/1219.png,old/0303.jpg,0
new/1220.png,old/0867.jpg,0
new/1221.png,old/1051.jpg,0
new/1222.png,old/1065.jpg,0
new/1223.png,old/0935.jpg,0
new/1224.png,old/0032.jpg,0
new/1225.png,old/0627.jpg,0
new/1226.png,old/0540.jpg,0
new/1227.png,old/0924.jpg,0
new/1229.png,old/0711.jpg,0
new/1230.png,old/1337.jpg,0
new/1231.png,old/1332.jpg,0
new/1232.png,old/0368.jpg,0
new/1233.png,old/0866.jpg,0
new/1234.png,old/0515.jpg,0
new/1235.png,old/0826.jpg,0
new/1236.png,old/0282.jpg,0
new/1237.png,old/0780.jpg,0
new/1238.png,old/1058.jpg,0
new/1239.png,old/1305.jpg,0
new/1240.png,old/1285.jpg,0
new/1241.png,old/1117.jpg,0
new/1242.png,old/1249.jpg,0
new/1243.png,old/0958.jpg,0
new/1244.png,old/0163.jpg,0
new/1245.png,old/1032.jpg,0
new/1246.png,old/0704.jpg,0
new/1247.png,old/0690.jpg,0
new/1248.png,old/0827.jpg,0
new/1249.png,old/1182.jpg,0
new/1250.png,old/1179.jpg,0
new/1251.png,old/0360.jpg,0
new/1253.png,old/0847.jpg,0
new/1254.png,old/1234.jpg,0
new/1255.png,old/0440.jpg,0
new/1256.png,old/0379.jpg,0
new/1257.png,old/0856.jpg,0
new/1258.png,old/0264.jpg,0
new/1260.png,old/0812.jpg,0
new/1261.png,old/1083.jpg,0
new/1262.png,old/0259.jpg,0
new/1263.png,old/1352.jpg,0
new/1264.png,old/0249.jpg,0
new/1266.png,old/1140.jpg,0
new/1267.png,old/1157.jpg,0
new/1268.png,old/0761.jpg,0
new/1269.png,old/0818.jpg,0
new/1270.png,old/1023.jpg,0
new/1271.png,old/0670.jpg,0
new/1272.png,old/0962.jpg,0
new/1273.png,old/0793.jpg,0
new/1274.png,old/0531.jpg,0
new/1275.png,old/0291.jpg,0
new/1276.png,old/0928.jpg,0
new/1277.png,old/0714.jpg,0
new/1278.png,old/0982.jpg,0
new/1279.png,old/0427.jpg,0
new/1280.png,old/0666.jpg,0
new/1281.png,old/0712.jpg,0
new/1282.png,old/1067.jpg,0
new/1283.png,old/0672.jpg,0
new/1284.png,old/0630.jpg,0
new/1285.png,old/1191.jpg,0
new/1286.png,old/0454.jpg,0
new/1287.png,old/0964.jpg,0
new/1288.png,old/0393.jpg,0
new/1289.png,old/1313.jpg,0
new/1290.png,old/1235.jpg,0
new/1292.png,old/0912.jpg,0
new/1293.png,old/0688.jpg,0
new/1294.png,old/1290.jpg,0
new/1295.png,old/1335.jpg,0
new/1296.png,old/0366.jpg,0
new/1297.png,old/0276.jpg,0
new/1298.png,old/1212.jpg,0
new/1299.png,old/0022.jpg,0
new/1300.png,old/0365.jpg,0
new/1301.png,old/0433.jpg,0
new/1303.png,old/0909.jpg,0
new/1304.png,old/1197.jpg,0
new/1305.png,old/1161.jpg,0
new/1306.png,old/0204.jpg,0
new/1307.png,old/0799.jpg,0
new/1308.png,old/1250.jpg,0
new/1309.png,old/0422.jpg,0
new/1310.png,old/0854.jpg,0
new/1311.png,old/0655.jpg,0
new/1312.png,old/0894.jpg,0
new/1313.png,old/1308.jpg,0
new/1314.png,old/1115.jpg,0
new/1315.png,old/1141.jpg,0
new/1316.png,old/1026.jpg,0
new/1317.png,old/0283.jpg,0
new/1318.png,old/1347.jpg,0
new/1319.png,old/0715.jpg,0
new/1320.png,old/0326.jpg,0
new/1321.png,old/0312.jpg,0
new/1322.png,old/0813.jpg,0
new/1323.png,old/0838.jpg,0
new/1324.png,old/0508.jpg,0
new/1325.png,old/1254.jpg,0
new/1326.png,old/0141.jpg,0
new/1327.png,old/0732.jpg,0
new/1328.png,old/0187.jpg,0
new/1329.png,old/0273.jpg,0
new/1330.png,old/1085.jpg,0
new/1331.png,old/1091.jpg,0
new/1332.png,old/0701.jpg,0
new/1333.png,old/0120.jpg,0
new/1334.png,old/0678.jpg,0
new/1335.png,old/0183.jpg,0
new/1336.png,old/0603.jpg,0
new/1337.png,old/1016.jpg,0
new/1338.png,old/0918.jpg,0
new/1339.png,old/0653.jpg,0
new/1340.png,old/0509.jpg,0
new/1341.png,old/0010.jpg,0
new/1342.png,old/1037.jpg,0
new/1343.png,old/0597.jpg,0
new/1344.png,old/0407.jpg,0
new/1345.png,old/0900.jpg,0
new/1346.png,old/0582.jpg,0
new/1347.png,old/0616.jpg,0
new/1348.png,old/0573.jpg,0
new/1349.png,old/0644.jpg,0
new/1350.png,old/0803.jpg,0
new/1351.png,old/0683.jpg,0
new/1352.png,old/1055.jpg,0
new/1353.png,old/0846.jpg,0
new/1354.png,old/1304.jpg,0
new/1355.png,old/0899.jpg,0
new/1356.png,old/1278.jpg,0
new/1357.png,old/0353.jpg,0
new/1358.png,old/0588.jpg,0
new/1359.png,old/1184.jpg,0
new/1360.png,old/0124.jpg,0
new/1361.png,old/0902.jpg,0
new/1362.png,old/0548.jpg,0
new/1363.png,old/0160.jpg,0
new/1364.png,old/1286.jpg,0
new/1365.png,old/1218.jpg,0
new/1366.png,old/0356.jpg,0
new/1367.png,old/0299.jpg,0
